ra,dec,id,name,mag,bv
1.33375,-5.7075,   3, 33    Psc,4.61,1.04
1.425,13.396111,   4, 86    Peg,5.51,0.9
1.566667,58.436667,   5,HR   5,5.96,0.67
1.579167,-49.075,   6,HR   6,5.7,0.52
1.610417,64.196111,   7, 10    Cas,5.59,-0.03
1.945,-22.508889,  12,HR  12,5.94,0.14
2.014583,-33.529444,  13,HR  13,5.68,1.12
2.097083,29.090556,  15, 21Alp And,2.06,-0.11
2.0725,-8.823889,  16,HR  16,5.99,1.04
2.294583,59.149722,  21, 11Bet Cas,2.27,0.34
2.26,18.211944,  22, 87    Peg,5.53,1.04
2.3375,-27.987778,  24,   Kap1Scl,5.42,0.42
2.352917,-45.7475,  25,   Eps Phe,3.88,1.03
2.509583,11.145556,  26, 34    Psc,5.51,-0.07
2.580417,46.072222,  27, 22    And,5.03,0.4
2.578333,-5.248611,  29,HR  29,5.84,0.98
2.50875,-82.223889,  30,   Gam3Oct,5.28,1.05
2.678333,-12.58,  31,HR  31,5.85,1.01
2.81625,-15.468056,  33,  6    Cet,4.89,0.49
2.893333,-27.799722,  34,   Kap2Scl,5.41,1.34
2.933333,-35.133056,  35,   The Scl,5.25,0.44
3.041667,-17.938333,  37,HR  37,5.25,1.48
3.309167,15.183611,  39, 88Gam Peg,2.83,-0.23
3.378333,41.035278,  41, 23    And,5.72,0.31
3.425417,-26.021944,  42,HR  42,5.94,1.55
3.650833,20.206667,  45, 89Chi Peg,4.8,1.57
3.615,-7.780556,  46,HR  46,5.12,1.62
3.330833,-84.994167,  47,HR  47,5.77,1.72
3.66,-18.932778,  48,  7    Cet,4.44,1.66
3.745,8.820833,  50, 35    Psc,5.79,0.31
3.727083,-9.569722,  51,HR  51,5.75,-0.08
4.037083,-31.446389,  57,HR  57,5.67,1.35
4.237917,61.533333,  60,HR  60,5.74,0.88
4.287917,47.9475,  62,HR  62,5.89,-0.09
4.272917,38.681667,  63, 24The And,4.61,0.06
4.582083,36.785278,  68, 25Sig And,4.52,0.05
4.659583,31.517222,  71,HR  71,5.87,-0.01
4.857083,-8.823889,  74,  8Iot Cet,3.56,1.22
5.017917,-64.874722,  77,   Zet Tuc,4.23,0.58
5.101667,30.935833,  78,HR  78,5.9,-0.1
5.189583,32.911389,  79,HR  79,5.79,1.59
5.149583,8.190278,  80, 41    Psc,5.37,1.34
5.280417,37.968611,  82, 27Rho And,5.18,0.42
5.1625,-69.625,  83,   Pi  Tuc,5.51,-0.05
5.38,-28.981667,  84,   Iot Scl,5.18,1.0
5.442917,-20.057778,  85,HR  85,5.12,1.82
5.369167,-77.426944,  87,HR  87,5.97,1.4
6.065,52.02,  91,HR  91,5.57,-0.12
6.197917,61.831111,  93, 12    Cas,5.4,0.0
6.276667,53.046944,  96,HR  96,5.74,-0.06
6.350833,1.939722,  97, 44    Psc,5.77,0.86
6.437917,-77.254167,  98,   Bet Hyi,2.8,0.62
6.570833,-42.306111,  99,   Alp Phe,2.39,1.09
6.550833,-43.68, 100,   Kap Phe,3.94,0.17
6.81125,-25.547222, 102,HR 102,5.98,1.03
7.012083,17.893056, 103, 47    Psc,5.06,1.65
7.057083,44.394444, 104,HR 104,5.17,0.03
6.982083,-33.007222, 105,   Eta Scl,4.81,1.64
7.11,-39.915, 109,HR 109,5.43,1.56
7.582917,59.977222, 113,HR 113,5.94,0.01
7.530417,29.751667, 114, 28    And,5.23,0.24
7.51,-3.957222, 117, 12    Cet,5.72,1.56
7.594583,-23.787778, 118,HR 118,5.19,0.12
7.60875,-48.215, 120,HR 120,5.69,0.35
7.856667,33.581667, 122,HR 122,5.87,1.14
7.943333,54.522222, 123, 14Lam Cas,4.73,-0.1
7.921667,52.839444, 124,HR 124,5.6,1.15
7.854167,-48.803611, 125,   Lam1Phe,4.77,0.02
7.88625,-62.958056, 126,   Bet1Tuc,4.37,-0.07
7.89,-62.965833, 127,   Bet2Tuc,4.54,0.15
8.25,62.931667, 130, 15Kap Cas,4.16,0.14
8.147917,20.294444, 131, 52    Psc,5.38,1.08
8.099167,6.955556, 132, 51    Psc,5.67,0.0
8.293333,54.895, 135,HR 135,5.93,1.04
8.1825,-63.031111, 136,   Bet3Tuc,5.09,0.04
8.42125,-29.558333, 138,HR 138,5.55,1.27
8.615833,-52.373056, 140,HR 140,5.57,0.47
8.812083,-3.592778, 142, 13    Cet,5.2,0.56
8.886667,-0.505556, 143, 14    Cet,5.93,0.44
9.034583,54.168611, 144,HR 144,5.08,-0.11
9.11375,60.326111, 146,HR 146,5.79,0.29
8.92125,-48.000833, 147,   Lam2Phe,5.51,0.44
9.194167,44.488611, 152,HR 152,5.13,1.6
9.242917,53.896944, 153, 17Zet Cas,3.66,-0.2
9.220417,33.719444, 154, 29Pi  And,4.36,-0.14
9.197083,15.231667, 155, 53    Psc,5.89,-0.15
9.337917,35.399444, 157,HR 157,5.48,0.88
9.33625,-24.767222, 159,HR 159,5.57,0.72
9.63875,29.311667, 163, 30Eps And,4.37,0.87
9.79125,49.354444, 164,HR 164,5.43,1.64
9.832083,30.860833, 165, 31Del And,3.27,1.28
9.840833,21.250556, 166, 54    Psc,5.87,0.85
9.981667,21.438333, 167, 55    Psc,5.36,1.16
10.127083,56.537222, 168, 18Alp Cas,2.23,1.17
10.176667,-4.351944, 174,HR 174,5.91,1.1
10.28,39.458611, 175, 32    And,5.33,0.89
10.11,-59.454444, 176,HR 176,5.89,0.55
10.514167,66.1475, 177,HR 177,5.83,1.04
10.51625,50.5125, 179, 19Xi  Cas,4.8,-0.11
10.331667,-46.085, 180,   Mu  Phe,4.59,0.97
10.443333,-56.501667, 183,   Xi  Phe,5.7,0.2
10.867083,47.024722, 184, 20Pi  Cas,4.94,0.18
10.674167,-60.2625, 186,HR 186,5.98,1.32
10.618333,-65.468056, 187,   Rho Tuc,5.39,0.5
10.8975,-17.986667, 188, 16Bet Cet,2.04,1.02
11.11,47.864167, 189,HR 189,5.67,-0.12
10.838333,-57.463056, 191,   Eta Phe,4.36,0.0
11.4125,74.988056, 192, 21    Cas,5.66,0.05
11.18125,48.284444, 193, 22Omi Cas,4.54,-0.07
11.0475,-10.609444, 194, 17Phi1Cet,4.76,1.01
11.050417,-38.421667, 195,   Lam2Scl,5.9,1.16
11.321667,55.221667, 196,HR 196,5.42,0.04
11.185,-22.006111, 197,HR 197,5.24,0.33
11.237917,-42.676667, 198,HR 198,5.94,0.28
11.942083,74.8475, 208, 23    Cas,5.41,-0.08
11.44,-47.551667, 209,HR 209,5.8,0.64
11.549167,-22.521944, 210,HR 210,5.5,0.98
11.6375,15.475556, 211, 57    Psc,5.38,1.65
12.037917,72.675, 212,HR 212,5.87,1.01
11.75625,11.973889, 213, 58    Psc,5.5,0.97
11.834583,24.267222, 215, 34Zet And,4.06,1.12
11.848333,6.740833, 216, 60    Psc,5.99,0.94
11.930417,-18.061389, 218,HR 218,5.7,1.3
12.275,57.815833, 219, 24Eta Cas,3.44,0.57
12.004583,-21.7225, 220,HR 220,5.57,-0.06
12.0725,7.3, 221, 62    Psc,5.93,1.1
12.095833,5.280556, 222,HR 222,5.75,0.88
12.20875,50.968333, 223, 25Nu  Cas,4.89,-0.11
12.170833,7.585, 224, 63Del Psc,4.43,1.5
12.244583,16.940556, 225, 64    Psc,5.07,0.51
12.453333,41.078889, 226, 35Nu  And,4.53,-0.15
12.356667,-13.561389, 227,HR 227,5.59,1.3
12.307917,-24.136389, 228,HR 228,5.9,0.95
12.681667,64.2475, 233,HR 233,5.39,0.49
12.531667,-10.644444, 235, 19Phi2Cet,5.19,0.5
12.1475,-74.923333, 236,   Lam Hyi,5.07,1.37
13.72125,83.707222, 240,HR 240,5.62,0.09
12.671667,-50.986944, 242,   Rho Phe,5.22,0.36
13.267083,61.124167, 244,HR 244,4.82,0.53
13.169167,-24.005833, 247,HR 247,5.46,1.24
13.252083,-1.144167, 248, 20    Cet,4.77,1.57
13.750417,58.972778, 253, 26Ups1Cas,4.83,1.21
13.646667,19.188333, 254, 66    Psc,5.74,-0.01
13.407917,-62.871389, 257,HR 257,5.7,1.56
13.741667,23.628333, 258, 36    And,5.47,1.0
13.926667,-7.347222, 263,HR 263,5.85,1.52
14.177083,60.716667, 264, 27Gam Cas,2.47,-0.15
14.165833,59.181111, 265, 28Ups2Cas,4.63,0.96
14.19625,60.362778, 266,HR 266,5.55,-0.07
14.00625,-11.266667, 267, 22Phi3Cet,5.31,1.52
14.188333,38.499444, 269, 37Mu  And,3.87,0.13
13.75125,-69.526944, 270,   Lam2Tuc,5.45,1.09
14.301667,23.4175, 271, 38Eta And,4.42,0.94
14.629583,66.352222, 273,HR 273,5.97,-0.02
14.459167,28.992222, 274, 68    Psc,5.42,1.08
14.559167,33.950833, 275,HR 275,5.98,1.0
14.682917,-11.38, 279, 23Phi4Cet,5.61,0.97
14.651667,-29.3575, 280,   Alp Scl,4.31,-0.16
17.18625,86.256944, 285,HR 285,4.25,1.21
15.32625,-38.916667, 288,   Xi  Scl,5.59,1.18
15.72625,41.345, 290, 39    And,5.98,0.16
15.704583,31.804444, 291, 69Sig Psc,5.5,-0.05
15.904167,61.075, 292,HR 292,5.92,0.49
15.61,-31.551944, 293,   Sig Scl,5.5,0.08
15.735833,7.89, 294, 71Eps Psc,4.28,0.96
15.760833,-4.836667, 296, 25    Cet,5.43,1.11
16.081667,61.580278, 297,HR 297,5.84,0.54
16.01,52.502222, 298,HR 298,5.99,1.47
15.705,-46.3975, 299,HR 299,5.36,0.9
16.219167,5.656389, 307, 73    Psc,6.0,1.51
16.2725,14.946111, 308, 72    Psc,5.68,0.41
16.420417,21.473333, 310, 74Psi1Psc,5.34,-0.03
16.42375,21.465278, 311, 74Psi1Psc,5.56,-0.07
16.52125,-9.839444, 317, 28    Cet,5.58,0.01
17.068333,54.920278, 321, 30Mu  Cas,5.17,0.69
16.520833,-46.718611, 322,   Bet Phe,3.31,0.89
17.00375,43.941944, 324, 41    And,5.03,0.11
17.13875,58.263611, 326,HR 326,5.79,-0.01
16.988333,20.739167, 328, 79Psi2Psc,5.55,0.13
16.9425,-9.785556, 329, 30    Cet,5.82,0.43
17.0925,5.649722, 330, 80    Psc,5.52,0.34
16.949583,-41.486944, 331,   Ups Phe,5.21,0.16
16.827917,-61.775278, 332,   Iot Tuc,5.37,0.88
18.069583,79.673889, 333,HR 333,5.64,0.01
17.1475,-10.182222, 334, 31Eta Cet,3.45,1.16
17.375833,47.241944, 335, 42Phi And,4.25,-0.07
17.66375,68.778611, 336, 31    Cas,5.29,-0.02
17.432917,35.620556, 337, 43Bet And,2.06,1.58
17.09625,-55.245833, 338,   Zet Phe,3.92,-0.08
17.455,19.658611, 339, 81Psi3Psc,5.55,0.69
17.578333,42.081389, 340, 44    And,5.65,0.6
17.580833,25.457778, 341,HR 341,5.8,1.47
17.856667,64.202778, 342,HR 342,5.55,-0.07
17.775833,55.149722, 343, 33The Cas,4.33,0.17
17.9225,65.018889, 345, 32    Cas,5.57,-0.09
17.64,2.445556, 347, 33    Cet,5.95,1.51
17.792917,37.724167, 348, 45    And,5.81,-0.1
17.778333,31.424722, 349, 82    Psc,5.16,0.23
17.863333,21.034722, 351, 84Chi Psc,4.66,1.03
17.915,30.089722, 352, 83Tau Psc,4.51,1.09
17.93125,-2.251111, 353, 34    Cet,5.94,1.4
18.189167,-37.856389, 359,HR 359,5.92,0.28
18.437083,24.583611, 360, 85Phi Psc,4.65,1.04
18.432917,7.575278, 361, 86Zet Psc,5.24,0.32
18.531667,16.133611, 364, 87    Psc,5.98,-0.08
18.6,-7.923056, 366, 37    Cet,5.13,0.46
18.705,-0.973889, 368, 38    Cet,5.7,0.42
18.79625,-45.531389, 370,   Nu  Phe,4.96,0.58
19.15125,-2.500278, 373, 39    Cet,5.41,0.9
18.942083,-68.876111, 377,   Kap Tuc,4.86,0.47
19.45,3.614444, 378, 89    Psc,5.16,0.07
20.020417,58.231667, 382, 34Phi Cas,4.98,0.68
19.866667,27.264167, 383, 90Ups Psc,4.76,0.03
19.95125,-0.508889, 385, 42    Cet,5.87,0.64
20.280833,28.738056, 389, 91    Psc,5.23,1.39
20.585,45.528889, 390, 46Xi  And,4.88,1.08
20.919167,37.715, 395, 47    And,5.58,0.26
20.85375,20.468889, 397,HR 397,5.97,1.71
21.483333,68.13, 399, 36Psi Cas,4.74,1.05
20.879167,-30.945556, 400,HR 400,5.84,1.61
21.005833,-8.183333, 402, 45The Cet,3.6,1.06
21.454167,60.235278, 403, 37Del Cas,2.68,0.13
21.085833,-6.914722, 404,HR 404,5.91,0.41
21.17,-41.4925, 408,HR 408,5.42,1.04
21.5775,43.457778, 409,HR 409,5.96,0.49
21.405,-14.598889, 412, 46    Cet,4.9,1.23
21.56375,19.172222, 413, 93Rho Psc,5.38,0.39
21.67375,19.240278, 414, 94    Psc,5.5,1.11
21.914167,45.406667, 417, 48Ome And,4.83,0.42
21.272083,-64.369444, 420,HR 420,5.93,1.56
21.715,-13.056667, 421, 47    Cet,5.66,0.35
21.742083,-32.543056, 423,HR 423,5.79,3.86
37.952917,89.264167, 424,  1Alp UMi,2.02,0.6
22.8075,70.264722, 427, 38    Cas,5.81,0.47
22.09125,-43.318333, 429,   Gam Phe,3.41,1.57
22.525833,47.007222, 430, 49    And,5.27,1.0
22.400417,-21.629444, 433, 48    Cet,5.12,0.02
22.54625,6.143889, 434, 98Mu  Psc,4.84,1.37
22.595417,-26.207778, 436,HR 436,5.93,1.34
22.870833,15.345833, 437, 99Eta Psc,3.62,0.97
23.3575,58.3275, 439,HR 439,5.7,1.52
22.812917,-49.072778, 440,   Del Phe,3.95,0.99
22.930417,-30.283333, 441,HR 441,5.82,1.08
23.482917,59.231944, 442, 39Chi Cas,4.71,1.0
23.233333,-36.865278, 445,HR 445,5.51,1.02
23.569167,37.237222, 446,HR 446,5.88,-0.07
23.42875,-7.025278, 448,HR 448,5.76,0.64
23.704583,18.460556, 450,HR 450,5.89,1.52
23.6575,-15.676111, 451, 49    Cet,5.63,0.07
24.113333,48.722778, 454,HR 454,5.92,1.21
24.62875,73.04, 456, 40    Cas,5.28,0.96
23.978333,17.433611, 457,HR 457,5.8,
24.199167,41.405556, 458, 50Ups And,4.09,0.54
23.995833,-15.400278, 459, 50    Cet,5.42,1.21
24.531667,57.9775, 461,HR 461,5.56,1.38
24.035,-29.9075, 462,   Tau Scl,5.69,0.33
24.274583,12.141667, 463,102Pi  Psc,5.57,0.35
24.498333,48.628333, 464, 51    And,3.57,1.28
24.8375,44.386111, 469, 52Chi And,4.98,0.89
24.614167,-36.528333, 471,HR 471,5.94,1.05
24.42875,-57.236667, 472,   Alp Eri,0.46,-0.16
24.715833,-21.275278, 473,HR 473,5.58,0.34
24.92,16.405833, 475,105    Psc,5.97,1.12
25.165833,43.297778, 476,HR 476,5.61,0.21
25.145,40.576944, 477, 53Tau And,4.94,-0.09
25.585417,68.043056, 478, 43    Cas,5.59,-0.07
25.732917,70.6225, 480, 42    Cas,5.18,-0.04
25.446667,42.613611, 483,HR 483,4.95,0.62
25.413333,30.047222, 485,HR 485,5.99,1.01
24.9475,-56.198056, 486,HR 486,5.87,0.9
24.949167,-56.194722, 487,HR 487,5.76,0.87
25.357917,5.4875, 489,106Nu  Psc,4.44,1.36
25.514583,35.245556, 490,HR 490,5.64,-0.07
25.832083,60.551111, 491, 44    Cas,5.78,-0.02
25.43625,-11.324722, 492,HR 492,5.75,0.44
25.624167,20.268611, 493,107    Psc,5.24,0.84
25.915,50.688611, 496,   Phi Per,4.07,-0.04
25.535833,-32.326944, 497,   Pi  Scl,5.25,1.05
25.5125,-36.8325, 498,HR 498,5.72,-0.01
25.68125,-3.690278, 500,HR 500,4.99,1.38
25.45,-60.789444, 505,HR 505,5.71,1.27
25.622083,-53.740556, 506,HR 506,5.52,0.53
26.017083,-15.9375, 509, 52Tau Cet,3.5,0.72
26.348333,9.157778, 510,110Omi Psc,4.26,0.96
26.936667,63.852222, 511,HR 511,5.63,0.81
24.481667,-82.975, 512,HR 512,5.87,0.61
26.497083,-5.733333, 513,HR 513,5.34,1.52
26.411667,-25.0525, 514,   Eps Scl,5.31,0.39
26.524167,-50.816389, 519,HR 519,5.49,1.6
26.52625,-53.521944, 520,HR 520,5.04,0.04
27.162083,37.952778, 521,HR 521,5.94,0.97
27.045417,16.955556, 522,  4    Ari,5.84,-0.03
27.173333,32.690278, 523,HR 523,5.79,0.55
24.366667,-84.769722, 525,HR 525,5.69,0.94
27.315417,47.896944, 526,HR 526,5.82,0.29
27.108333,3.685556, 527,HR 527,5.91,0.97
27.737917,51.933333, 529,HR 529,5.9,0.43
27.535417,22.275278, 530,  1    Ari,5.86,0.74
27.39625,-10.686389, 531, 53Chi Cet,4.67,0.33
27.997083,55.1475, 533,  1    Per,5.52,-0.18
27.716667,11.043333, 534,HR 534,5.94,0.3
28.039167,50.792778, 536,  2    Per,5.79,-0.07
27.865,-10.335, 539, 55Zet Cet,3.73,1.14
27.727083,-50.206111, 541,HR 541,5.94,0.14
28.59875,63.67, 542, 45Eps Cas,3.38,-0.15
28.322083,40.729722, 543, 55    And,5.4,1.32
28.270417,29.578889, 544,  2Alp Tri,3.41,0.49
28.3825,19.295833, 545,  5Gam1Ari,4.83,
28.3825,19.293611, 546,  5Gam2Ari,4.75,-0.04
28.217083,-16.929167, 547,HR 547,5.8,0.27
29.0,68.685278, 548, 46Ome Cas,4.99,-0.1
28.38875,3.1875, 549,111Xi  Psc,4.62,0.94
28.66,20.808056, 553,  6Bet Ari,2.64,0.13
28.411667,-46.3025, 555,   Psi Phe,4.41,1.59
28.976667,37.277778, 556,HR 556,5.89,1.63
29.03875,37.251667, 557, 56    And,5.67,1.06
28.591667,-42.496944, 558,   Phi Phe,5.11,-0.06
28.9625,23.577222, 559,  7    Ari,5.74,1.19
29.337917,17.8175, 563,  8Iot Ari,5.1,0.92
29.4325,27.804444, 564,HR 564,5.82,1.6
29.1675,-22.526944, 565, 56    Cet,4.85,1.42
28.989583,-51.608889, 566,   Chi Eri,3.7,0.85
29.908333,64.621389, 567,HR 567,5.26,0.01
29.64,49.204167, 568,  3    Per,5.69,1.01
29.482083,23.596111, 569,  9Lam Ari,4.79,0.28
28.73375,-67.647222, 570,   Eta2Hyi,4.69,0.95
29.291667,-47.385, 574,HR 574,4.83,0.88
30.489167,70.906944, 575, 48    Cas,4.54,0.16
29.89875,21.058333, 577,HR 577,5.87,1.03
30.85875,72.421389, 580, 50    Cas,3.98,-0.01
31.280833,77.281389, 581, 47    Cas,5.38,0.31
30.038333,3.097222, 582,112    Psc,5.88,0.62
29.942083,-20.824444, 583, 57    Cet,5.41,1.65
30.00125,-21.077778, 585, 59Ups Cet,4.0,1.57
30.719583,64.901389, 586, 52    Cas,6.0,0.03
30.112083,-8.523611, 587,HR 587,5.51,1.52
29.911667,-42.030556, 588,HR 588,5.57,1.06
30.75125,64.39, 589, 53    Cas,5.58,0.38
30.575417,54.4875, 590,  4    Per,5.04,-0.08
29.6925,-61.569722, 591,   Alp Hyi,2.86,0.28
31.38,76.115, 592, 49    Cas,5.22,0.95
30.31125,-30.001667, 594,   Pi  For,5.35,0.88
30.511667,2.763611, 595,113Alp Psc,5.23,
30.511667,2.763611, 596,113Alp Psc,4.33,0.03
30.741667,33.283889, 599,  3Eps Tri,5.5,0.03
30.646667,13.476667, 601,HR 601,5.94,1.59
30.426667,-44.713611, 602,   Chi Phe,5.14,1.49
30.975,42.329722, 603, 57Gam1And,2.26,1.37
30.977917,42.330833, 604, 57Gam2And,4.84,0.03
30.91375,25.935556, 605, 10    Ari,5.63,0.54
30.79875,0.128333, 607, 60    Cet,5.43,0.15
30.744167,-15.305833, 608,HR 608,5.86,0.98
30.950833,-0.340278, 610, 61    Cet,5.93,0.88
30.91875,-4.103611, 611,HR 611,5.62,1.59
31.1225,-29.296944, 612,   Nu  For,4.69,-0.17
31.64125,22.648333, 613, 12Kap Ari,5.03,0.11
31.793333,23.4625, 617, 13Alp Ari,2.0,1.15
32.16875,58.423611, 618,HR 618,5.67,0.61
32.122083,37.859167, 620, 58    And,4.82,0.12
32.385833,34.987222, 622,  4Bet Tri,3.0,0.14
32.355417,25.939722, 623, 14    Ari,4.98,0.33
32.72,39.039444, 628, 59    And,5.63,-0.02
32.656667,19.500278, 631, 15    Ari,5.7,1.65
32.28875,-43.516667, 632,HR 632,5.85,1.19
32.837917,8.569722, 635, 64    Cet,5.63,0.56
32.899167,-1.825278, 639, 63    Cet,5.93,0.97
33.092917,30.303056, 642,  6    Tri,4.94,0.78
33.305417,44.231667, 643, 60    And,4.83,1.48
33.15625,24.167778, 644,HR 644,5.96,1.37
33.40125,51.065833, 645,HR 645,5.31,0.93
33.200417,21.210833, 646, 17Eta Ari,5.27,0.43
33.26375,15.279722, 648, 19    Ari,5.71,1.55
33.25,8.846667, 649, 65Xi 1Cet,4.37,0.89
33.197917,-2.393611, 650, 66    Cet,5.54,0.57
33.25375,-21.000278, 651,HR 651,5.86,1.01
33.227083,-30.723889, 652,   Mu  For,5.28,-0.02
33.984167,33.358889, 655,  7    Tri,5.28,-0.01
33.941667,25.783056, 656, 20    Ari,5.79,0.44
33.928333,25.043056, 657, 21    Ari,5.58,0.49
33.633333,-41.166667, 659,HR 659,5.91,0.97
34.263333,34.224167, 660,  8Del Tri,4.87,0.61
34.499583,57.899722, 661,  8    Per,5.75,1.17
34.51875,57.516667, 662,  7    Per,5.98,1.05
34.32875,33.847222, 664,  9Gam Tri,4.01,0.02
34.245833,-6.422222, 666, 67    Cet,5.51,0.96
33.56125,-67.841667, 667,   Pi 1Hyi,5.55,1.55
34.53125,19.901111, 669, 22The Ari,5.62,0.01
34.82,47.38, 670, 62    And,5.3,-0.01
34.505833,1.757778, 672,HR 672,5.58,0.6
34.1275,-51.512222, 674,   Phi Eri,3.56,-0.12
34.7375,28.6425, 675, 10    Tri,5.03,0.04
33.86875,-67.746389, 678,   Pi 2Hyi,5.69,1.3
34.83625,-2.9775, 681, 68Omi Cet,3.04,1.42
35.2425,50.151389, 682, 63    And,5.59,-0.13
35.589167,55.845556, 685,  9    Per,5.17,0.37
35.709583,41.396389, 687,HR 687,5.82,0.27
34.97625,-55.944722, 688,HR 688,5.81,1.55
35.485833,0.395833, 689, 69    Cet,5.28,1.65
35.551667,-0.885, 691, 70    Cet,5.42,0.31
35.505833,-10.777778, 692,HR 692,5.46,0.35
35.520833,-17.662222, 693,HR 693,5.87,1.23
36.10375,50.006667, 694, 64    And,5.19,0.98
35.635833,-23.816389, 695,   Kap For,5.2,0.6
36.405833,50.278611, 699, 65    And,4.71,1.53
35.7275,-51.092222, 701,HR 701,5.92,0.22
36.204167,10.610556, 702, 24Xi  Ari,5.47,-0.1
35.437083,-68.659444, 705,   Del Hyi,4.09,0.03
37.266667,67.4025, 707,   Iot Cas,4.52,0.12
36.4875,-12.290556, 708, 72Rho Cet,4.89,-0.03
36.50125,-15.341111, 710,HR 710,5.83,0.15
36.865417,31.801389, 712, 11    Tri,5.54,1.12
36.646667,-20.042778, 713,HR 713,5.88,1.26
36.224583,-60.311944, 714,   Lam Hor,5.35,0.39
35.717917,-73.645833, 715,   Kap Hyi,5.01,1.09
37.041667,29.669444, 717, 12    Tri,5.29,
37.039583,8.46, 718, 73Xi 2Cet,4.28,-0.06
37.202083,29.931944, 720, 13    Tri,5.89,0.58
36.74625,-47.703889, 721,   Kap Eri,4.25,-0.14
37.007083,-33.811111, 724,   Phi For,5.14,0.1
37.635,25.235, 728,HR 728,5.92,0.41
37.688333,0.255278, 732,HR 732,6.0,0.17
38.025833,36.147222, 736, 14    Tri,5.15,1.47
37.875417,2.267222, 737,HR 737,5.25,1.27
38.21875,34.5425, 738,HR 738,5.83,1.07
38.039167,-1.035, 739, 75    Cet,5.35,1.02
38.021667,-15.244722, 740, 76Sig Cet,4.75,0.45
39.508333,72.818333, 743,HR 743,5.16,0.88
38.279167,-34.65, 744,   Lam1For,5.9,1.06
39.400417,65.745556, 747,HR 747,5.78,1.56
38.911667,37.312222, 748,HR 748,5.71,1.39
38.46125,-28.2325, 749,   Ome For,4.9,-0.05
38.945,34.6875, 750, 15    Tri,5.35,1.66
38.677917,-7.859444, 752, 77    Cet,5.75,1.4
39.020417,6.886944, 753,HR 753,5.82,0.98
38.96875,5.593333, 754, 78Nu  Cet,4.86,0.87
39.238333,38.732778, 756,HR 756,5.9,0.48
39.260417,34.263889, 758,HR 758,5.3,1.55
39.0,-7.831667, 759, 80    Cet,5.53,1.59
39.157917,12.4475, 763, 31    Ari,5.68,0.49
39.14625,7.729722, 766,HR 766,5.81,1.04
39.03875,-30.044722, 767,   Iot1For,5.75,1.02
39.424167,-3.396111, 771, 81    Cet,5.65,1.02
39.244167,-34.578333, 772,   Lam2For,5.79,0.66
39.704167,21.961389, 773, 32Nu  Ari,5.43,0.16
41.948333,81.448333, 774,HR 774,5.78,1.3
37.91875,-79.109444, 776,   Mu  Hyi,5.28,0.98
39.577917,-30.194167, 777,   Iot2For,5.83,0.48
39.351667,-52.543056, 778,   Eta Hor,5.31,0.27
39.870833,0.328611, 779, 82Del Cet,4.07,-0.22
39.890833,-11.872222, 781, 83Eps Cet,4.84,0.45
40.17125,27.060833, 782, 33    Ari,5.3,0.09
40.05125,-9.453056, 784,HR 784,5.78,0.52
40.761667,55.105833, 785, 11    Per,5.77,-0.13
40.74875,53.526111, 787,HR 787,5.84,1.12
40.562083,40.193889, 788, 12    Per,4.91,0.59
39.95,-42.891667, 789,HR 789,4.75,0.06
40.307917,-0.695833, 790, 84    Cet,5.71,0.52
41.207083,67.824722, 791,HR 791,5.95,0.1
40.591667,20.011667, 793, 34Mu  Ari,5.69,-0.02
40.166667,-39.855556, 794,   Iot Eri,4.11,1.02
40.391667,-14.549444, 796,HR 796,5.98,0.43
41.05,49.228333, 799, 13The Per,4.12,0.49
41.021667,44.296944, 800, 14    Per,5.43,0.9
40.862917,27.707222, 801, 35    Ari,4.66,-0.13
40.165,-54.55, 802,   Zet Hor,5.21,0.4
40.825,3.235833, 804, 86Gam Cet,3.47,0.09
39.8975,-68.266944, 806,   Eps Hyi,4.11,-0.06
41.137083,15.311667, 809, 37Omi Ari,5.77,-0.01
40.639583,-50.800278, 810,   Iot Hor,5.41,0.56
41.030833,-13.858611, 811, 89Pi  Cet,4.25,-0.14
41.24,12.445833, 812, 38    Ari,5.18,0.24
41.235417,10.114167, 813, 87Mu  Cet,4.27,0.31
41.275833,-18.5725, 818,  1Tau1Eri,4.47,0.48
41.977083,29.247222, 824, 39    Ari,4.51,1.11
42.13375,18.283611, 828, 40    Ari,5.82,1.2
42.994583,68.888611, 829,HR 829,5.8,0.64
42.19125,25.188056, 830,HR 830,5.86,-0.07
41.364583,-63.704444, 833,   Gam Hor,5.74,0.93
42.674167,55.895556, 834, 15Eta Per,3.76,1.68
42.322917,17.464167, 836, 42Pi  Ari,5.22,-0.06
41.385833,-67.616667, 837,   Zet Hyi,4.84,0.06
42.495833,27.260556, 838, 41    Ari,3.63,-0.1
42.64625,38.318611, 840, 16    Per,4.23,0.34
42.2725,-32.405833, 841,   Bet For,4.46,0.99
42.92375,46.841944, 842,HR 842,5.88,0.89
42.878333,35.059722, 843, 17    Per,4.53,1.56
42.475833,-27.941667, 845,   Gam2For,5.39,0.02
42.873333,15.081944, 847, 43Sig Ari,5.49,-0.09
42.561667,-35.843611, 848,   Eta2For,5.92,0.9
42.759583,-21.004167, 850,  2Tau2Eri,4.75,0.91
42.668333,-35.676111, 851,   Eta3For,5.47,1.25
42.25625,-62.806667, 852,   Nu  Hor,5.26,0.1
43.564583,52.7625, 854, 18Tau Per,3.95,0.74
43.4275,38.3375, 855, 20    Per,5.33,0.41
43.987083,61.521111, 860,HR 860,5.59,0.45
43.397083,-22.376389, 862,HR 862,5.95,1.04
43.393333,-38.436944, 863,   Psi For,5.92,0.44
43.952083,18.331667, 867, 45Rho2Ari,5.91,1.47
43.470417,-49.890278, 868,HR 868,4.0,2.11
44.10875,18.023056, 869, 46Rho3Ari,5.63,0.43
44.0575,8.381667, 870,HR 870,5.97,0.48
42.61875,-75.066944, 872,   Nu  Hyi,4.75,1.33
44.322083,31.934167, 873, 21    Per,5.11,-0.01
44.107083,-8.898056, 874,  3Eta Eri,3.89,1.11
44.155833,-3.712222, 875,HR 875,5.17,0.08
44.521667,20.668611, 878, 47    Ari,5.8,0.41
44.690417,39.662778, 879, 22Pi  Per,4.7,0.06
46.5325,79.418611, 881,HR 881,5.49,1.57
44.765417,35.183056, 882, 24    Per,4.93,1.23
44.34875,-23.861944, 883,  4    Eri,5.45,0.23
44.957917,47.220833, 885,HR 885,5.47,0.89
44.91625,41.033056, 886,HR 886,5.89,1.44
44.802917,21.340278, 887, 48Eps Ari,4.63,0.04
44.802917,21.340278, 888, 48Eps Ari,4.63,0.04
44.52375,-23.606111, 889,  6    Eri,5.84,1.33
45.2175,52.351667, 890,HR 890,5.28,-0.05
44.675,-2.7825, 892,HR 892,5.23,0.0
44.92875,8.9075, 896, 91Lam Cet,4.7,-0.12
44.565417,-40.304722, 897,   The1Eri,3.24,0.14
44.567917,-40.304444, 898,   The2Eri,4.35,0.08
44.921667,-2.465, 899,  5    Eri,5.56,-0.08
44.900417,-25.274167, 901,   Zet For,5.71,0.4
45.18375,10.870278, 902,HR 902,5.95,1.59
45.475417,26.462222, 905, 49    Ari,5.9,0.14
47.928333,81.470556, 906,HR 906,5.95,0.15
45.291667,-7.662778, 907,  8Rho1Eri,5.75,1.05
44.699167,-64.071389, 909,   Bet Hor,4.99,0.13
45.59375,4.352778, 910, 93    Cet,5.61,-0.1
45.57,4.089722, 911, 92Alp Cet,2.53,1.64
45.48375,-9.961389, 912,HR 912,5.83,1.11
45.407083,-28.091667, 914,   Eps For,5.89,0.79
46.199167,53.506389, 915, 23Gam Per,2.93,0.7
45.67625,-7.685278, 917,  9Rho2Eri,5.32,0.94
46.385,56.705833, 918,HR 918,4.76,1.02
45.597917,-23.624444, 919, 11Tau3Eri,4.09,0.16
46.294167,38.840278, 921, 25Rho Per,3.39,1.65
46.829167,64.057778, 922,HR 922,5.89,-0.03
46.068333,-7.600833, 925, 10Rho3Eri,5.26,0.2
45.732917,-46.975, 929,HR 929,5.82,1.3
46.59875,13.187222, 931,HR 931,5.62,1.08
47.984583,74.393611, 932,HR 932,4.87,0.02
45.903333,-59.737778, 934,   Mu  Hor,5.11,0.34
46.639583,-6.088611, 935,HR 935,5.27,1.6
47.042083,40.955556, 936, 26Bet Per,2.12,-0.05
47.266667,49.613333, 937,   Iot Per,4.05,0.59
45.564167,-71.9025, 939,   The Hyi,5.53,-0.14
47.374167,44.857222, 941, 27Kap Per,3.8,0.98
47.402917,29.076944, 944, 55    Ari,5.72,0.12
47.8225,39.611667, 947, 28Ome Per,4.63,1.11
47.662083,11.8725, 948,HR 948,5.98,-0.06
47.9075,19.726667, 951, 57Del Ari,4.35,1.03
48.059167,27.256944, 954, 56    Ari,5.79,-0.12
48.35,48.176944, 956,HR 956,5.9,0.97
48.11,6.660833, 958,HR 958,5.56,1.08
50.082083,77.734722, 961,HR 961,5.45,0.19
48.193333,-1.196111, 962, 94    Cet,5.06,0.57
48.017917,-28.986944, 963,   Alp For,3.87,0.52
48.95,57.140833, 964,HR 964,5.79,0.73
53.08375,84.911111, 965,HR 965,5.61,0.92
48.1075,-44.419722, 968,HR 968,5.93,0.44
49.050833,50.937778, 969,HR 969,5.03,1.15
48.835417,30.556667, 971,HR 971,5.52,0.01
48.725417,21.044444, 972, 58Zet Ari,4.89,-0.01
48.138333,-57.321667, 977,HR 977,5.74,2.28
46.883333,-78.989444, 981,HR 981,5.57,0.3
49.4475,44.025, 982, 30    Per,5.47,-0.06
48.958333,-8.819722, 984, 13Zet Eri,4.8,0.23
49.9975,65.652222, 985,HR 985,4.84,-0.15
49.440833,39.283333, 986,HR 986,5.96,0.07
49.6575,50.222222, 987, 29    Per,5.15,-0.06
49.781667,50.095, 989, 31    Per,5.03,-0.06
49.6825,34.222778, 991,HR 991,4.82,1.49
49.593333,-0.930278, 992, 95    Cet,5.38,1.04
49.511667,-28.796944, 993,HR 993,5.91,0.33
49.592083,-22.511389, 994, 15    Eri,4.88,0.9
49.9825,27.071111, 995, 59    Ari,5.9,0.86
49.840417,3.370278, 996, 96Kap1Cet,4.83,0.68
49.671667,-18.559722, 997,HR 997,5.71,0.37
49.360833,-47.751667, 998,HR 998,5.85,1.24
50.085,29.048333, 999,HR 999,4.47,1.55
50.469167,49.070833,1001,HR1001,5.93,0.43
50.360417,43.329444,1002, 32    Per,4.95,0.04
49.879167,-21.757778,1003, 16Tau4Eri,3.69,1.62
49.895,-24.123056,1004,HR1004,5.61,1.66
50.306667,21.146944,1005, 61Tau1Ari,5.28,-0.07
49.4425,-62.575278,1006,   Zet1Ret,5.54,0.64
50.278333,3.675556,1007, 97Kap2Cet,5.69,0.97
49.982083,-43.069722,1008,HR1008,4.27,0.71
51.16875,64.586111,1009,HR1009,5.23,2.08
49.55375,-62.506389,1010,   Zet2Ret,5.24,0.6
50.805,49.213333,1011,HR1011,5.29,-0.07
50.549583,27.6075,1012, 62    Ari,5.52,1.1
50.688333,20.741944,1015, 63Tau2Ari,5.09,1.24
50.35,-23.635278,1016,HR1016,5.52,0.88
51.080833,49.861111,1017, 33Alp Per,1.79,0.48
51.12375,33.535833,1019,HR1019,5.61,-0.03
51.077083,24.724167,1022, 64    Ari,5.5,1.19
48.99,-77.388333,1025,   Iot Hyi,5.52,0.44
51.203333,9.028889,1030,  1Omi Tau,3.6,0.89
52.012917,49.062778,1034,HR1034,4.98,-0.09
52.267083,59.940278,1035,HR1035,4.21,0.41
52.218333,49.848333,1037,HR1037,5.58,-0.04
51.7925,9.732778,1038,  2Xi  Tau,3.74,-0.09
52.47875,58.878611,1040,HR1040,4.54,0.56
52.086667,33.8075,1041,HR1041,5.61,0.02
52.342083,49.508889,1044, 34    Per,4.67,-0.09
51.59375,-27.3175,1045,HR1045,5.93,0.94
52.500833,55.451944,1046,HR1046,5.09,0.05
52.004167,-11.286667,1050,HR1050,5.73,1.1
52.654167,48.103611,1051,HR1051,5.82,-0.04
52.64375,47.995278,1052, 35Sig Per,4.36,1.35
51.889167,-35.681389,1054,   Chi2For,5.71,1.29
52.412917,-6.805,1060,HR1060,5.99,1.02
52.602083,11.336389,1061,  4    Tau,5.14,-0.03
52.4,-12.674722,1062,HR1062,5.59,0.17
53.035833,48.023611,1063,HR1063,5.47,-0.1
51.400833,-69.336389,1064,HR1064,5.96,0.42
52.836667,27.571944,1065,HR1065,5.96,
52.718333,12.936667,1066,  5    Tau,4.11,1.12
52.689167,6.188611,1067,HR1067,5.94,0.96
53.109583,46.056944,1069, 36    Per,5.31,0.4
52.654583,-5.075278,1070, 17    Eri,4.73,-0.09
53.4125,54.974722,1073,HR1073,5.98,0.11
53.166667,35.461667,1074,HR1074,5.9,-0.06
52.479167,-42.634167,1075,HR1075,5.78,0.22
53.39625,39.899444,1078,HR1078,5.81,0.11
53.15,9.373611,1079,  6    Tau,5.77,-0.08
52.654167,-47.375278,1081,HR1081,5.99,0.11
52.344583,-62.9375,1083,   Kap Ret,4.72,0.4
53.2325,-9.458333,1084, 18Eps Eri,3.73,0.88
53.610833,24.464444,1086,  7    Tau,5.92,0.13
54.1225,48.192778,1087, 37Psi Per,4.23,-0.06
53.447083,-21.632778,1088, 19Tau5Eri,4.27,-0.11
53.145,-50.378611,1090,HR1090,5.68,1.1
52.715,-66.489722,1092,HR1092,5.83,-0.06
53.990417,-11.193611,1098,HR1098,5.57,0.91
54.197083,0.587778,1099,HR1099,5.71,0.92
54.0725,-17.466944,1100, 20    Eri,5.23,-0.13
54.218333,0.401667,1101, 10    Tau,4.28,0.58
55.53875,63.216667,1105,HR1105,5.1,1.63
54.27375,-40.274722,1106,HR1106,4.58,1.04
62.50625,86.626111,1107,HR1107,5.86,0.37
54.621667,-7.391667,1108,HR1108,5.85,0.98
52.495,-78.351944,1109,HR1109,5.7,0.93
54.754583,-5.626111,1111, 21    Eri,5.96,0.92
55.677917,59.969444,1112,HR1112,5.76,1.71
55.282917,37.58,1113,HR1113,5.57,-0.07
54.962917,3.056944,1115, 12    Tau,5.57,0.94
55.159583,-5.210556,1121, 22    Eri,5.53,-0.15
55.73125,47.7875,1122, 39Del Per,3.01,-0.13
55.59375,33.965,1123, 40    Per,4.97,-0.01
56.50375,67.201667,1124,HR1124,5.8,0.35
55.57875,19.700278,1126, 13    Tau,5.69,-0.01
56.509583,63.345,1129,HR1129,4.8,0.8
56.079583,32.288333,1131, 38Omi Per,3.83,0.05
56.130833,36.46,1133,HR1133,5.59,0.06
55.562083,-31.938333,1134,   Del For,5.0,-0.16
56.298333,42.578611,1135, 41Nu  Per,3.77,0.42
55.812083,-9.763333,1136, 23Del Eri,3.54,0.92
57.3075,70.871111,1138,HR1138,5.44,0.09
55.890833,-10.485556,1139,HR1139,5.6,0.22
56.200833,24.289444,1140, 16    Tau,5.46,-0.04
56.497083,45.681944,1141,HR1141,5.66,-0.07
56.21875,24.113333,1142, 17    Tau,3.7,-0.11
55.70875,-37.313611,1143,HR1143,4.59,1.2
56.290417,24.839167,1144, 18    Tau,5.64,-0.07
56.302083,24.467222,1145, 19    Tau,4.3,-0.11
56.127083,-1.163056,1146, 24    Eri,5.25,-0.1
57.589583,71.332222,1148,   Gam Cam,4.63,0.03
56.456667,24.367778,1149, 20    Tau,3.87,-0.07
56.235417,-0.296667,1150, 25    Eri,5.55,1.42
56.476667,24.554722,1151, 21    Tau,5.76,-0.04
56.418333,6.05,1153, 29    Tau,5.35,-0.12
57.38,65.526111,1155,HR1155,4.47,1.88
56.581667,23.948333,1156, 23    Tau,4.18,-0.06
57.402917,63.297222,1158,HR1158,5.85,0.18
56.539583,6.803056,1159,HR1159,5.91,0.99
56.535417,-12.101667,1162, 26Pi  Eri,4.42,1.63
56.87125,24.105,1165, 25Eta Tau,2.87,-0.09
56.315833,-47.359722,1169,HR1169,5.73,0.96
56.614167,-29.338056,1171,   Sig For,5.9,0.12
57.087083,23.421111,1172,HR1172,5.45,-0.07
56.712083,-23.249722,1173, 27Tau6Eri,4.23,0.42
57.067917,11.143333,1174, 30    Tau,5.07,-0.13
56.05,-64.806944,1175,   Bet Ret,3.85,1.13
57.51875,44.967778,1176,HR1176,5.66,0.76
57.385833,33.091389,1177, 42    Per,5.11,0.07
57.290417,24.053333,1178, 27    Tau,3.63,-0.09
57.296667,24.136667,1180, 28    Tau,5.09,-0.08
56.915,-23.874722,1181, 28Tau7Eri,5.24,0.07
57.162083,0.227778,1182,HR1182,5.91,1.23
56.983333,-30.167778,1184,   Rho For,5.54,0.98
57.149167,-20.903056,1187,HR1187,5.81,1.64
57.57875,25.579444,1188,HR1188,5.26,0.21
57.1475,-37.622222,1189,HR1189,5.4,0.01
57.149583,-37.620556,1190,HR1190,4.73,-0.03
57.97375,34.359167,1191,HR1191,5.77,0.0
58.430417,57.975,1192,HR1192,5.8,0.18
57.36375,-36.200278,1195,HR1195,4.17,0.95
58.41125,48.650556,1198,HR1198,5.76,1.05
58.000833,6.534722,1199, 31    Tau,5.67,0.06
58.291667,17.326944,1201,HR1201,5.97,0.34
58.173333,-5.361389,1202, 30    Eri,5.48,-0.1
58.532917,31.883611,1203, 44Zet Per,2.85,0.12
59.35625,63.072222,1204,HR1204,5.03,-0.09
59.284583,61.108889,1205,HR1205,5.0,1.45
58.9925,47.871389,1207,HR1207,5.37,-0.08
56.809583,-74.238889,1208,   Gam Hyi,3.24,1.62
59.152083,50.695278,1210, 43    Per,5.28,0.41
58.572917,-2.954722,1212, 32    Eri,4.79,0.94
58.4275,-24.6125,1213, 33Tau8Eri,4.65,-0.13
58.412083,-34.732222,1214,HR1214,5.11,-0.13
59.119583,35.081111,1215,HR1215,5.49,-0.03
58.38875,-46.893611,1216,HR1216,5.93,1.24
58.817917,-12.099167,1217,HR1217,6.0,0.32
59.217083,22.478056,1218, 32    Tau,5.63,0.3
58.596667,-40.357222,1219,HR1219,5.71,0.6
59.463333,40.010278,1220, 45Eps Per,2.89,-0.18
59.74125,35.791111,1228, 46Xi  Per,4.04,0.01
62.511667,80.698611,1230,HR1230,5.1,0.56
59.5075,-13.508611,1231, 34Gam Eri,2.95,1.59
59.717917,-5.47,1232,HR1232,5.83,1.0
59.875417,-12.574167,1235,HR1235,5.6,1.48
60.203333,18.193889,1238,HR1238,5.89,0.32
60.17,12.490278,1239, 35Lam Tau,3.47,-0.12
59.98125,-24.016389,1240, 36Tau9Eri,4.66,-0.13
61.512917,68.68,1241,HR1241,5.87,1.54
61.113333,59.155556,1242,HR1242,5.06,0.5
60.442083,9.997778,1243,HR1243,5.67,0.02
60.383333,-1.549722,1244, 35    Eri,5.28,-0.15
60.169583,-30.490833,1246,HR1246,5.93,0.04
59.68625,-61.400278,1247,   Del Ret,4.56,1.62
60.652917,-0.268889,1249,HR1249,5.38,0.5
60.789167,5.989167,1251, 38Nu  Tau,3.91,0.03
61.090417,24.105833,1252, 36    Tau,5.47,0.86
60.935833,5.435556,1253, 40    Tau,5.33,-0.08
60.985833,8.197222,1254,HR1254,5.46,0.37
61.17375,22.081944,1256, 37    Tau,4.36,1.07
61.04125,2.826944,1257,HR1257,5.36,0.5
61.645833,50.351389,1261, 47Lam Per,4.29,0.02
61.334167,22.008889,1262, 39    Tau,5.9,0.62
60.224167,-62.159444,1264,   Gam Ret,4.51,1.65
61.094583,-12.7925,1265,HR1265,5.61,1.08
60.325833,-61.078889,1266,   Iot Ret,4.97,1.42
61.651667,27.6,1268, 41    Tau,5.2,-0.13
61.752083,29.001389,1269, 42Psi Tau,5.23,0.34
62.165417,47.7125,1273, 48    Per,4.04,-0.03
61.405833,-27.651667,1275,HR1275,5.59,0.31
62.1525,38.039722,1278, 50    Per,5.51,0.46
61.9975,17.339722,1280,HR1280,5.89,1.5
62.291667,19.609167,1283, 43Ome1Tau,5.5,1.07
62.256667,13.398333,1284,HR1284,5.95,0.05
62.745833,33.586667,1286,HR1286,5.72,1.44
62.707917,26.480833,1287, 44    Tau,5.41,0.34
62.324167,-16.385833,1288,HR1288,5.37,-0.15
67.054167,83.807778,1289,HR1289,5.57,-0.13
62.59375,-6.923889,1290, 37    Eri,5.44,0.94
62.834583,5.523056,1292, 45    Tau,5.72,0.36
62.69875,-8.819722,1293,HR1293,5.7,1.06
62.96625,-6.8375,1298, 38Omi1Eri,4.04,0.33
62.900833,-20.356111,1300,HR1300,5.79,0.18
62.710833,-41.993611,1302,   Del Hor,4.93,0.33
63.724583,48.409444,1303, 51Mu  Per,4.14,0.95
67.500417,83.340556,1304,HR1304,5.46,0.87
64.223333,61.850278,1305,HR1305,5.7,-0.14
63.722083,40.483611,1306, 52    Per,4.71,1.01
63.387917,7.716111,1309, 46    Tau,5.29,0.36
63.485,9.263611,1311, 47    Tau,4.84,0.8
64.284167,57.860556,1313,HR1313,5.71,1.09
64.179583,53.611944,1314,HR1314,5.19,0.05
63.65125,10.011111,1315,HR1315,5.22,-0.1
66.761667,80.824167,1317,HR1317,5.43,1.17
63.59875,-10.256389,1318, 39    Eri,4.87,1.17
63.88375,8.892222,1320, 49Mu  Tau,4.29,-0.06
64.560833,50.295556,1324,HR1324,4.61,0.04
63.817917,-7.652778,1325, 40Omi2Eri,4.43,0.82
63.500417,-42.294444,1326,   Alp Hor,3.86,1.1
65.167917,65.140556,1327,HR1327,5.27,0.81
64.315,20.578611,1329, 50Ome2Tau,4.94,0.26
64.805417,50.048889,1330,HR1330,5.45,0.22
64.596667,21.579167,1331, 51    Tau,5.65,0.28
64.33,-6.471944,1332,HR1332,5.94,1.08
65.047917,50.920833,1333,HR1333,5.55,-0.01
65.448333,60.735556,1335,HR1335,5.39,1.49
63.60625,-62.473889,1336,   Alp Ret,3.35,0.91
65.06,41.808056,1337,HR1337,5.92,0.94
64.006667,-51.486667,1338,   Gam Dor,4.25,0.3
64.85875,21.142222,1339, 53    Tau,5.35,-0.08
63.702917,-62.191944,1340,HR1340,5.45,1.1
64.902917,21.773611,1341, 56    Tau,5.38,-0.14
65.465833,56.506667,1342,HR1342,5.88,
65.1025,34.566667,1343, 54    Per,4.93,0.94
64.56625,-20.715556,1345,HR1345,6.0,1.67
64.948333,15.6275,1346, 54Gam Tau,3.65,0.99
64.47375,-33.798333,1347, 41Ups4Eri,3.56,-0.12
65.08875,27.350833,1348, 52Phi Tau,4.95,1.15
65.388333,46.498889,1350, 53    Per,4.85,-0.03
64.990417,14.035278,1351, 57    Tau,5.59,0.28
64.120417,-59.301944,1355,   Eps Ret,4.44,1.08
65.15125,15.095278,1356, 58    Tau,5.26,0.22
65.171667,6.130833,1360,HR1360,5.77,0.92
65.178333,-7.5925,1363,HR1363,5.85,-0.13
64.819167,-44.268056,1364,HR1364,5.34,1.08
65.362917,-0.098056,1366,HR1366,5.86,1.32
65.1625,-20.639722,1367,HR1367,5.38,-0.02
65.514583,14.077222,1368, 60    Tau,5.72,0.32
65.645417,25.629167,1369, 59Chi Tau,5.37,-0.05
65.595,20.821389,1370,HR1370,5.91,1.66
64.4175,-63.255556,1372,   The Ret,5.87,-0.07
65.73375,17.5425,1373, 61Del1Tau,3.76,0.98
65.885,20.982222,1375,HR1375,5.99,0.03
65.854167,16.777222,1376, 63    Tau,5.64,0.3
66.121667,34.130556,1377, 55    Per,5.73,-0.06
66.155833,33.959722,1379, 56    Per,5.76,0.4
66.024167,17.443889,1380, 64Del2Tau,4.8,0.15
65.96625,9.460833,1381, 66    Tau,5.12,0.07
65.92,-3.745556,1383, 42Xi  Eri,5.17,0.08
65.77375,-24.892222,1384,HR1384,5.83,1.51
66.237917,19.041667,1385,HR1385,5.98,0.37
66.342083,22.293889,1387, 65Kap1Tau,4.22,0.13
66.354167,22.199722,1388, 67Kap2Tau,5.28,0.25
66.3725,17.928056,1389, 68Del3Tau,4.29,0.05
66.52625,31.438889,1390,HR1390,5.28,0.97
66.577083,22.813611,1392, 69Ups Tau,4.28,0.26
66.009167,-34.016944,1393, 43    Eri,3.96,1.49
66.586667,15.618333,1394, 71    Tau,4.49,0.25
65.472083,-63.386389,1395,   Eta Ret,5.24,0.96
66.651667,14.713611,1396, 73Pi  Tau,4.69,0.98
66.822917,22.996389,1399, 72    Tau,5.53,-0.1
68.377917,72.528611,1401,HR1401,5.94,0.3
66.87,11.2125,1402,HR1402,5.88,0.05
67.003333,21.62,1403,HR1403,5.72,0.27
67.11,16.359722,1407, 75    Tau,4.97,1.13
67.0975,14.740833,1408, 76    Tau,5.9,0.32
67.154167,19.180278,1409, 74Eps Tau,3.53,1.01
67.14375,15.962222,1411, 77The1Tau,3.84,0.95
67.165417,15.870833,1412, 78The2Tau,3.4,0.18
67.209167,13.0475,1414, 79    Tau,5.03,0.23
67.13375,1.380833,1415,HR1415,5.55,-0.1
66.272083,-61.238333,1416,HR1416,5.94,1.54
68.0075,53.910833,1417,  1    Cam,5.77,0.18
67.1625,-19.458333,1421,HR1421,5.96,1.22
67.535833,15.638056,1422, 80    Tau,5.58,0.32
67.27875,-13.048333,1423,HR1423,5.6,-0.23
64.49625,-80.213889,1426,   Del Men,5.69,0.84
67.640417,16.193889,1427,HR1427,4.78,0.17
67.662083,15.691944,1428, 81    Tau,5.48,0.26
67.655417,13.724444,1430, 83    Tau,5.4,0.26
66.94125,-62.520833,1435,HR1435,5.75,1.01
67.969583,-0.043889,1437, 45    Eri,4.91,1.32
67.667917,-35.653611,1439,HR1439,5.96,1.0
69.100833,64.261667,1440,HR1440,5.94,-0.03
68.155833,-3.209167,1441,HR1441,5.81,-0.14
67.70875,-44.953889,1443,   Del Cae,5.07,-0.19
68.462083,14.844444,1444, 86Rho Tau,4.65,0.25
68.658333,28.961111,1445,HR1445,5.88,-0.06
68.534583,5.568611,1448,HR1448,5.68,0.05
68.478333,-6.738889,1449, 46    Eri,5.72,-0.13
68.548333,-8.231389,1451, 47    Eri,5.11,1.7
68.54875,-8.970278,1452,HR1452,5.26,1.47
68.3775,-29.766667,1453, 50Ups1Eri,4.51,0.98
69.1725,41.264722,1454, 58    Per,4.25,1.22
65.24125,-81.58,1456,   Nu  Men,5.79,0.35
68.98,16.509167,1457, 87Alp Tau,0.85,1.54
68.91375,10.160833,1458, 88    Tau,4.25,0.18
69.079583,-3.3525,1463, 48Nu  Eri,3.93,-0.21
68.8875,-30.562222,1464, 52Ups2Eri,3.82,0.98
68.499167,-55.045,1465,   Alp Dor,3.27,-0.1
69.992083,53.473056,1466,  2    Cam,5.35,0.32
69.977917,53.079722,1467,  3    Cam,5.05,1.07
69.307083,0.998333,1469,HR1469,5.31,-0.12
69.565833,20.684722,1471,HR1471,5.92,-0.05
69.539167,16.033333,1472, 89    Tau,5.79,0.31
69.539583,12.510833,1473, 90    Tau,4.27,0.12
69.400417,-2.473333,1474, 51    Eri,5.23,0.28
68.391667,-62.823611,1475,HR1475,5.79,1.04
69.788333,15.799722,1478, 91Sig1Tau,5.07,0.15
69.81875,15.918056,1479, 92Sig2Tau,4.69,0.15
69.775833,7.870833,1480,HR1480,5.39,0.26
69.545,-14.303889,1481, 53    Eri,3.87,1.09
70.350417,48.300833,1482,HR1482,5.67,-0.02
69.723333,-12.123056,1483,HR1483,5.01,0.07
70.014167,12.197778,1484, 93    Tau,5.46,-0.12
69.832083,-14.359167,1487,HR1487,5.45,1.06
70.459583,38.280278,1489,HR1489,5.99,0.57
70.3325,28.615,1490,HR1490,5.78,-0.03
69.19,-62.0775,1492,HR1492,5.4,1.58
70.84,49.973889,1493,HR1493,5.87,0.02
70.72625,43.365,1494, 59    Per,5.29,0.0
70.028333,-24.4825,1495,HR1495,5.58,0.92
70.110417,-19.671667,1496, 54    Eri,4.32,1.61
70.56125,22.956944,1497, 94Tau Tau,4.28,-0.13
70.140417,-41.863889,1502,   Alp Cae,4.45,0.34
70.514583,-37.144444,1503,   Bet Cae,5.05,0.37
71.1075,11.146111,1507,HR1507,5.4,0.25
71.022083,-8.503611,1508, 56    Eri,5.9,-0.11
70.78875,-30.765556,1509,HR1509,5.68,1.41
72.00125,56.757222,1511,  4    Cam,5.3,0.25
71.033333,-18.666667,1513,HR1513,5.53,0.02
71.685,40.312778,1514,HR1514,5.97,0.93
70.693333,-50.481389,1516,   Lam Pic,5.31,0.98
71.507083,11.705556,1519,HR1519,5.37,0.19
71.375417,-3.254722,1520, 57Mu  Eri,4.02,-0.15
71.2675,-21.283611,1521,HR1521,5.72,1.47
75.08625,81.193889,1523,HR1523,5.07,1.28
73.021667,63.505278,1527,HR1527,5.44,1.57
72.329167,32.588333,1528,HR1528,5.86,0.24
72.303333,31.437222,1529,HR1529,5.58,1.12
71.087917,-59.732778,1530,   Kap Dor,5.27,0.2
71.90125,-16.934444,1532, 58    Eri,5.51,0.63
72.4775,37.488333,1533,HR1533,4.88,1.44
72.78875,48.740833,1535,HR1535,5.66,0.99
72.15125,-5.673889,1536,HR1536,5.78,0.62
72.135417,-16.329444,1538, 59    Eri,5.77,0.55
70.76625,-70.931111,1541,   Mu  Men,5.54,-0.12
73.5125,66.342778,1542,  9Alp Cam,4.29,0.03
72.46,6.961389,1543,  1Pi 3Ori,3.19,0.45
72.652917,8.900278,1544,  2Pi 2Ori,4.36,0.01
72.84375,18.839722,1547, 97    Tau,5.1,0.21
72.548333,-16.217222,1549, 60    Eri,5.03,0.98
73.199167,42.586667,1550,HR1550,5.71,0.11
73.158333,36.703056,1551,  2    Aur,4.78,1.41
72.801667,5.605,1552,  3Pi 4Ori,3.69,-0.17
73.19625,27.8975,1554,HR1554,5.97,0.37
73.762917,55.259167,1555,  5    Cam,5.52,0.04
73.133333,14.250556,1556,  4Omi1Ori,4.74,1.84
72.8675,-34.906389,1559,HR1559,5.86,0.08
73.22375,-5.452778,1560, 61Ome Eri,4.39,0.25
74.029583,52.869444,1561,HR1561,5.75,0.11
73.345,2.508056,1562,  5    Ori,5.33,1.64
72.73,-53.461389,1563,   Iot Pic,5.61,0.33
73.562917,2.440556,1567,  8Pi 5Ori,3.72,-0.18
74.321667,53.752222,1568,  7    Cam,4.47,-0.02
73.695417,11.426111,1569,  6    Ori,5.19,0.12
73.724167,10.150833,1570,  7Pi 1Ori,4.65,0.09
73.699167,7.779167,1571,HR1571,5.33,1.22
73.71125,0.4675,1574,HR1574,5.99,-0.12
73.959583,15.04,1576,HR1576,5.81,-0.08
74.248333,33.166111,1577,  3Iot Aur,2.69,1.53
73.778333,-16.740556,1579,HR1579,5.7,0.96
74.092917,13.514444,1580,  9Omi2Ori,4.07,1.15
73.8275,-16.417778,1581,HR1581,5.72,0.88
74.100833,-5.171389,1582, 62    Eri,5.51,-0.13
74.342917,17.153611,1585,HR1585,5.48,1.31
74.452917,23.948611,1586, 99    Tau,5.79,1.11
76.165833,74.066944,1589,HR1589,5.96,
74.539167,25.050278,1590, 98    Tau,5.81,0.0
74.814167,37.890278,1592,  4Ome Aur,4.94,0.04
75.07625,39.394722,1599,  5    Aur,5.95,0.41
74.637083,1.714167,1601, 10Pi 6Ori,4.47,1.4
75.854583,60.442222,1603, 10Bet Cam,4.03,0.92
74.755417,-16.375833,1604,HR1604,5.66,0.43
75.492083,43.823333,1605,  7Eps Aur,2.99,0.54
74.96,-10.263333,1608, 63    Eri,5.38,0.8
74.9825,-12.5375,1611, 64    Eri,4.79,0.26
75.619583,41.075833,1612,  8Zet Aur,3.75,1.22
75.359583,-7.173889,1617, 65Psi Eri,4.81,-0.19
75.459583,0.722222,1618,HR1618,5.92,1.27
75.77375,21.59,1620,102Iot Tau,4.64,0.16
75.356667,-20.051944,1621,HR1621,4.91,-0.05
76.535417,58.9725,1622, 11    Cam,5.08,-0.08
75.689583,-4.209722,1625,HR1625,5.85,1.21
75.540833,-26.275,1628,HR1628,5.02,1.07
73.796667,-74.936944,1629,   Eta Men,5.47,1.52
75.687083,-22.795,1634,  1    Lep,5.75,1.2
75.595,-31.771389,1635,HR1635,5.94,1.17
76.669167,51.597778,1637,  9    Aur,5.0,0.33
76.142083,15.404167,1638, 11    Ori,4.68,-0.06
76.62875,41.234444,1641, 10Eta Aur,3.17,-0.18
78.093333,73.946667,1643,HR1643,5.43,-0.12
75.972083,-24.387778,1645,HR1645,5.61,0.1
75.7025,-49.151389,1649,   Eta1Pic,5.38,0.42
76.101667,-35.483333,1652,   Gam1Cae,4.55,1.2
76.365417,-22.371111,1654,  2Eps Lep,3.19,1.46
76.3175,-26.1525,1655,HR1655,5.73,1.17
76.8625,18.645,1656,104    Tau,5.0,0.65
76.690417,-4.655,1657, 66    Eri,5.12,-0.06
76.951667,20.418333,1658,106    Tau,5.3,0.09
77.0275,24.265278,1659,103    Tau,5.5,0.06
76.98125,21.704722,1660,105    Tau,5.89,0.19
76.241667,-49.577778,1663,   Eta2Pic,5.03,1.49
76.970417,8.498333,1664, 14    Ori,5.34,0.33
76.854167,-12.490556,1665,HR1665,5.97,0.6
76.9625,-5.086389,1666, 67Bet Eri,2.79,0.13
77.67875,46.962222,1668,HR1668,5.68,0.42
77.084167,-8.665,1671,HR1671,5.78,-0.06
77.331667,9.829444,1672, 16    Ori,5.43,0.24
77.181667,-4.456111,1673, 68    Eri,5.12,0.44
76.3775,-57.472778,1674,   Zet Dor,4.72,0.52
77.425,15.597222,1676, 15    Ori,4.82,0.32
75.679167,-71.314444,1677,   Bet Men,5.31,1.0
77.286667,-8.754167,1679, 69Lam Eri,4.27,-0.19
79.555417,73.268056,1683,HR1683,5.74,
77.923333,16.045556,1684,HR1684,5.18,1.49
80.639583,79.231111,1686,HR1686,5.05,0.47
77.83,-2.490833,1687,HR1687,5.9,0.46
78.357083,38.484444,1689, 11Mu  Aur,4.86,0.18
77.93875,1.036944,1691,HR1691,5.89,0.66
77.845,-11.849167,1693,HR1693,5.68,1.46
76.891667,-63.399722,1695,HR1695,5.2,1.65
78.074583,-11.869167,1696,  3Iot Lep,4.45,-0.1
78.200833,-6.057222,1697,HR1697,5.91,0.96
78.322917,2.861111,1698, 17Rho Ori,4.46,1.19
78.232917,-16.205556,1702,  5Mu  Lep,3.31,-0.11
78.307917,-12.941389,1705,  4Kap Lep,4.36,-0.1
78.851667,32.687778,1706, 14    Aur,5.02,0.23
79.1725,45.998056,1708, 13Alp Aur,0.08,0.8
78.68375,5.156111,1709,HR1709,5.5,1.37
79.075833,34.311944,1712,HR1712,5.96,0.22
78.634583,-8.201667,1713, 19Bet Ori,0.12,-0.03
74.712083,-82.470556,1716,   Xi  Men,5.85,0.93
79.017083,11.341389,1718, 18    Ori,5.56,-0.04
80.094167,62.653611,1720,HR1720,5.61,1.75
78.62,-35.977222,1721,HR1721,5.76,1.01
79.56625,42.792222,1722,HR1722,5.48,1.65
78.85125,-26.943333,1723,HR1723,5.07,-0.1
79.544583,33.371667,1726, 16    Aur,4.54,1.27
79.785417,40.099167,1729, 15Lam Aur,4.71,0.63
79.75,33.748333,1732,HR1732,5.41,-0.19
79.401667,-6.844444,1735, 20Tau Ori,3.6,-0.11
79.4175,-13.519722,1737,HR1737,5.5,0.93
80.061667,41.086111,1738,HR1738,5.52,0.11
79.819167,22.096389,1739,109    Tau,4.94,0.93
80.00375,33.958056,1740, 19    Aur,5.03,0.27
79.37125,-34.895278,1743,   Omi Col,4.83,1.0
78.439167,-67.185278,1744,   The Dor,4.83,1.28
79.796667,2.595833,1746, 21    Ori,5.34,0.41
79.71,-18.13,1747,HR1747,5.96,0.58
80.451667,41.804444,1749, 20Rho Aur,5.23,-0.15
80.865833,57.544444,1751, 16    Cam,5.28,-0.03
80.302917,29.57,1752,HR1752,5.76,0.06
79.89375,-13.176667,1756,  6Lam Lep,4.29,-0.26
79.99625,-12.315556,1757,  7Nu  Lep,5.3,-0.12
79.84875,-27.368889,1758,HR1758,5.99,-0.04
80.709583,41.029444,1760,HR1760,5.54,0.12
80.112083,-21.239444,1762,HR1762,4.71,-0.05
80.431667,8.428611,1763,HR1763,5.8,-0.13
80.3825,-0.416389,1764,HR1764,5.68,-0.12
80.440417,-0.3825,1765, 22    Ori,4.73,-0.17
79.842083,-50.606111,1767,   Zet Pic,5.45,0.51
80.708333,3.544444,1770, 23    Ori,5.0,-0.15
80.4425,-24.773056,1771,HR1771,5.06,0.67
81.163333,37.385556,1773, 21Sig Aur,4.99,1.42
81.160417,31.143056,1776,HR1776,5.94,0.04
80.827083,-8.415833,1778,HR1778,5.9,-0.03
81.105833,17.383333,1780,111    Tau,4.99,0.53
80.92625,-0.159722,1781,HR1781,5.7,-0.21
80.875833,-13.927222,1783,  8    Lep,5.25,-0.21
80.986667,-7.808056,1784, 29    Ori,4.14,0.96
81.120417,-0.891389,1787, 27    Ori,5.08,0.96
81.119167,-2.396944,1788, 28Eta Ori,3.36,-0.17
81.186667,1.846389,1789, 25Psi1Ori,4.95,-0.2
81.282917,6.349722,1790, 24Gam Ori,1.64,-0.22
81.572917,28.6075,1791,112Bet Tau,1.65,-0.13
81.118333,-16.976111,1792,HR1792,5.65,0.0
80.85,-39.678611,1793,HR1793,5.71,1.62
81.70375,34.391667,1795,HR1795,5.94,0.14
81.256667,-10.329167,1799,HR1799,5.61,1.56
82.5425,63.067222,1802, 17    Cam,5.42,1.71
81.784583,30.208611,1804,HR1804,5.74,0.16
81.912083,34.475833,1805, 24Phi Aur,5.07,1.4
81.792083,17.962222,1808,115    Tau,5.42,-0.1
81.90875,21.936944,1810,114    Tau,4.88,-0.15
81.709167,3.095556,1811, 30Psi2Ori,4.59,-0.21
81.499167,-19.695556,1812,HR1812,5.89,0.4
81.94,15.874167,1814,116    Tau,5.5,0.01
82.006667,17.238889,1816,117    Tau,5.77,1.63
82.31875,25.150556,1821,118    Tau,5.47,-0.04
82.7025,41.461944,1824,HR1824,6.0,1.11
81.772083,-40.943611,1827,HR1827,5.87,0.23
82.06125,-20.759444,1829,  9Bet Lep,2.84,0.82
82.348333,-3.446389,1830,HR1830,5.79,1.15
82.60875,15.360278,1832,HR1832,5.94,0.14
82.478333,1.789167,1833,HR1833,5.78,-0.2
82.433333,-1.092222,1834, 31    Ori,4.71,1.57
82.06375,-37.230556,1835,HR1835,5.57,0.02
81.580417,-58.9125,1836,   Lam Dor,5.14,1.0
82.69625,5.948056,1839, 32    Ori,4.2,-0.14
82.810417,3.292222,1842, 33    Ori,5.46,-0.18
83.182083,32.191944,1843, 25Chi Aur,4.76,0.34
83.053333,18.594444,1845,119    Tau,4.38,2.07
83.059167,17.058056,1847,HR1847,5.46,-0.04
82.781667,-20.863611,1849, 10    Lep,5.55,0.0
83.001667,-0.299167,1852, 34Del Ori,2.23,-0.22
82.9825,-7.301389,1855, 36Ups Ori,4.62,-0.26
82.539583,-47.077778,1856,HR1856,5.46,0.62
83.381667,18.540278,1858,120    Tau,5.69,0.01
83.172083,-1.591944,1861,HR1861,5.35,-0.19
82.802917,-35.470556,1862,   Eps Col,3.87,1.14
83.47625,14.305556,1864, 35    Ori,5.64,-0.14
83.1825,-17.822222,1865, 11Alp Lep,2.58,0.21
84.146667,54.428889,1866,HR1866,5.73,1.63
83.380833,-1.156111,1868,HR1868,5.34,-0.18
82.900417,-45.925278,1870,HR1870,5.86,1.35
83.569583,3.766944,1872, 38    Ori,5.36,0.05
83.516667,-1.470556,1874,HR1874,5.93,1.55
83.862917,24.039444,1875,121    Tau,5.38,-0.09
83.705,9.489444,1876, 37Phi1Ori,4.41,-0.16
83.21375,-38.513056,1877,HR1877,5.48,1.22
83.784583,9.934167,1879, 39Lam Ori,3.54,-0.18
83.785417,9.935,1880, 39Lam Ori,5.61,0.04
83.280833,-35.139722,1881,HR1881,5.78,1.07
83.805833,10.24,1883,HR1883,5.6,0.12
83.75375,-6.009167,1886,HR1886,5.67,-0.23
83.76125,-6.001944,1887,HR1887,4.78,-0.25
83.846667,-4.838333,1892, 42    Ori,4.59,-0.19
83.81875,-5.389722,1895, 41The1Ori,5.13,0.02
83.845417,-5.416111,1897, 43The2Ori,5.08,-0.09
83.858333,-5.91,1899, 44Iot Ori,2.77,-0.24
83.914583,-4.855833,1901, 45    Ori,5.26,0.24
84.286667,26.924167,1902,HR1902,5.83,-0.07
84.053333,-1.201944,1903, 46Eps Ori,1.7,-0.19
84.265833,17.040278,1905,122    Tau,5.54,0.22
84.22625,9.290556,1907, 40Phi2Ori,4.09,0.95
84.268333,11.035,1908,HR1908,5.94,1.58
83.814167,-33.08,1909,HR1909,5.78,1.12
84.41125,21.1425,1910,123Zet Tau,3.0,-0.19
84.14875,-6.065,1911,HR1911,5.72,-0.22
84.65875,30.4925,1914, 26    Aur,5.4,0.45
85.61,65.697778,1916,HR1916,5.6,1.24
83.248333,-64.2275,1917,HR1917,5.34,1.04
84.504583,7.541389,1920,HR1920,5.88,-0.07
83.40625,-62.489722,1922,   Bet Dor,3.76,0.82
84.826667,29.215278,1924,HR1924,5.96,0.16
84.934167,25.896944,1928,125    Tau,5.18,-0.15
84.686667,-2.6,1931, 48Sig Ori,3.81,-0.24
84.6575,-6.573889,1933,HR1933,5.96,-0.23
84.79625,4.121389,1934, 47Ome Ori,4.57,-0.11
84.435833,-28.689444,1935,   Nu 2Col,5.31,0.46
84.72125,-7.213056,1937, 49    Ori,4.8,0.13
84.88,-3.564722,1940,HR1940,6.0,0.27
85.32375,16.533889,1946,126    Tau,4.86,-0.13
84.681667,-40.7075,1947,HR1947,5.82,-0.09
85.189583,-1.942778,1948, 50Zet Ori,2.05,-0.21
85.19,-1.942778,1949, 50Zet Ori,4.21,
85.210833,-1.128889,1952,HR1952,4.95,-0.21
82.970417,-76.341111,1953,   Gam Men,5.19,1.13
85.273333,0.337778,1955,HR1955,5.93,0.3
84.912083,-34.074167,1956,   Alp Col,2.64,-0.12
84.9575,-32.629167,1958,HR1958,5.45,0.92
85.619167,1.474722,1963, 51    Ori,4.91,1.17
83.68625,-73.741389,1964,HR1964,5.78,1.71
85.557917,-22.373611,1968, 12    Lep,5.87,0.11
86.626667,56.115556,1969, 26    Cam,5.94,0.17
86.475,49.826389,1971, 27Omi Aur,5.47,0.03
85.562917,-34.667778,1973,HR1973,5.29,-0.05
85.84,-18.5575,1975,HR1975,5.73,-0.01
86.115833,-22.448333,1983, 13Gam Lep,3.6,0.47
86.689583,15.8225,1985,129    Tau,6.0,-0.06
86.717083,9.522222,1987,HR1987,5.79,0.88
86.645833,1.168056,1988,HR1988,5.95,0.78
86.805,14.488333,1989,131    Tau,5.72,0.04
86.859167,17.729167,1990,130    Tau,5.49,0.3
86.92875,13.899722,1993,133    Tau,5.29,-0.17
87.29375,39.181111,1995, 29Tau Aur,4.52,0.94
86.499583,-32.306389,1996,   Mu  Col,5.17,-0.28
86.73875,-14.821944,1998, 14Zet Lep,3.55,0.1
87.000833,6.454167,1999, 52    Ori,5.27,0.23
87.254167,24.5675,2002,132    Tau,4.86,1.01
86.939167,-9.669722,2004, 53Kap Ori,2.06,-0.17
87.145417,-4.094722,2007,HR2007,5.97,0.64
86.614167,-46.597222,2008,HR2008,5.31,1.04
87.387083,12.651111,2010,134    Tau,4.91,-0.07
87.76,37.305556,2011, 31Ups Aur,4.74,1.62
87.8725,39.148611,2012, 32Nu  Aur,3.97,1.13
87.742083,27.967778,2013,HR2013,5.56,0.97
87.510833,9.871111,2014,HR2014,5.8,0.87
86.193333,-65.735556,2015,   Del Dor,4.35,0.21
87.620417,14.305556,2016,135    Tau,5.52,1.01
87.554583,4.423333,2019,HR2019,5.97,1.36
86.82125,-51.066389,2020,   Bet Pic,3.85,0.17
87.402083,-14.483611,2021,HR2021,5.49,0.88
84.290833,-80.469167,2022,   Pi  Men,5.65,0.6
87.625,2.024444,2024,HR2024,5.98,0.91
87.472917,-22.971667,2026,HR2026,5.87,0.06
88.740833,59.888333,2027, 31    Cam,5.2,0.02
88.167083,33.9175,2028,HR2028,5.98,1.6
88.711667,55.706944,2029, 30Xi  Aur,4.99,0.05
87.841667,-7.518056,2031, 55    Ori,5.35,-0.2
88.092917,14.171667,2033,137    Tau,5.59,-0.05
88.331667,27.612222,2034,136    Tau,4.58,-0.02
87.830417,-20.879167,2035, 15Del Lep,3.81,0.99
88.11,1.855,2037, 56    Ori,4.78,1.38
88.031667,-9.041389,2039,HR2039,5.97,0.1
87.74,-35.768333,2040,   Bet Col,3.12,1.16
87.457083,-56.166667,2042,   Gam Pic,4.51,1.1
88.745833,31.701667,2046,HR2046,5.9,0.14
88.595417,20.276111,2047, 54Chi1Ori,4.41,0.59
87.721667,-52.108889,2049,HR2049,5.17,0.99
88.73625,19.749722,2052, 57    Ori,5.92,-0.17
88.138333,-37.631111,2053,HR2053,5.63,1.04
88.27875,-33.801389,2056,   Lam Col,4.87,-0.15
88.68375,0.968333,2057,HR2057,6.0,1.34
88.792917,7.406944,2061, 58Alp Ori,0.5,1.85
88.955417,20.175,2063,HR2063,5.4,0.99
87.473333,-66.901111,2064,   Eps Dor,5.11,-0.14
88.681667,-11.773889,2065,HR2065,5.66,1.53
88.87625,-4.616389,2070,HR2070,5.87,1.18
88.084583,-57.156111,2072,HR2072,5.94,0.66
89.116667,9.509722,2075,HR2075,5.99,-0.07
89.20625,11.521111,2076,HR2076,5.87,1.1
89.881667,54.284722,2077, 33Del Aur,3.72,1.0
89.840833,49.924444,2081,HR2081,5.89,1.23
88.71875,-39.958056,2082,HR2082,5.57,1.51
89.49875,25.953889,2084,139    Tau,4.82,-0.06
89.10125,-14.167778,2085, 16Eta Lep,3.71,0.33
89.059583,-22.840278,2086,HR2086,5.96,1.11
88.874583,-37.120833,2087,   Xi  Col,4.97,1.11
89.882083,44.9475,2088, 34Bet Aur,1.9,0.03
89.98375,45.936944,2091, 35Pi  Aur,4.26,1.72
89.087083,-31.3825,2092,   Sig Col,5.5,
88.709167,-52.635278,2094,HR2094,5.29,0.31
89.930417,37.2125,2095, 37The Aur,2.62,-0.08
89.721667,12.808611,2099,HR2099,5.7,0.89
89.601667,1.836944,2100, 59    Ori,5.9,0.21
90.244167,47.901944,2101, 36    Aur,5.73,-0.01
88.525417,-63.09,2102,HR2102,4.65,1.05
89.706667,0.553056,2103, 60    Ori,5.22,0.01
90.429583,48.959444,2105,HR2105,5.96,1.45
89.384167,-35.283333,2106,   Gam Col,4.36,-0.18
89.767917,-9.558333,2108,  2    Mon,5.03,0.19
90.2925,31.034722,2110,HR2110,5.98,0.08
90.014167,-3.074167,2113,HR2113,4.53,1.22
89.656667,-44.034444,2117,HR2117,5.81,1.07
89.786667,-42.815278,2120,   Eta Col,3.96,1.14
90.595833,9.6475,2124, 61Mu  Ori,4.12,0.16
87.569583,-79.361389,2125,   Kap Men,5.47,-0.08
90.46,-10.598056,2128,  3    Mon,4.95,-0.12
90.86375,19.690556,2130, 64    Ori,5.14,-0.11
90.318333,-33.911667,2131,HR2131,5.55,1.58
91.264167,42.981667,2132, 39    Aur,5.87,0.3
91.03,23.263333,2134,  1    Gem,4.16,0.82
90.98,20.138333,2135, 62Chi2Ori,4.63,0.28
90.205,-51.216389,2138,HR2138,5.67,0.2
90.814583,-26.284444,2140,HR2140,5.04,1.34
91.05625,-6.709167,2142,HR2142,5.21,-0.06
91.64625,38.482778,2143, 40    Aur,5.36,0.25
91.2425,5.42,2144, 63    Ori,5.67,1.04
91.243333,4.158611,2145, 66    Ori,5.63,1.04
91.24625,-16.484444,2148, 17    Lep,4.93,0.24
91.084583,-32.1725,2149,HR2149,5.65,-0.19
91.3625,-10.242778,2150,HR2150,5.87,0.37
92.49625,58.935833,2152, 37    Cam,5.36,1.09
91.66125,-4.193889,2154,HR2154,5.38,-0.13
91.53875,-14.935278,2155, 18The Lep,4.67,0.05
91.1675,-45.078889,2158,HR2158,5.93,0.49
91.892917,14.768333,2159, 67Nu  Ori,4.42,-0.17
91.362917,-35.513611,2160,HR2160,5.8,0.02
91.633333,-23.110556,2163,HR2163,5.47,0.08
91.522917,-29.758611,2164,HR2164,5.81,0.05
93.212917,65.718333,2165, 36    Cam,5.32,1.34
91.74,-21.812778,2166,HR2166,5.78,1.64
91.923333,-19.165833,2168, 19    Lep,5.31,1.68
92.385,22.19,2169,HR2169,5.93,1.63
91.765417,-34.311944,2170,HR2170,5.83,-0.13
92.433333,23.113333,2173,  3    Gem,5.75,0.21
92.24125,2.499444,2174,HR2174,5.73,0.07
91.881667,-37.253056,2177,   The Col,5.02,-0.11
92.24125,-22.4275,2180,HR2180,5.5,-0.01
91.970417,-42.153889,2181,   Pi 2Col,5.5,0.0
92.392917,-14.584167,2183,HR2183,5.56,1.16
92.884583,24.420278,2185,  5    Gem,5.8,1.11
92.449583,-22.774167,2186,HR2186,5.71,0.44
93.08375,32.693333,2189,HR2189,5.78,1.66
93.005417,19.790556,2193, 68    Ori,5.75,-0.07
91.539167,-66.039722,2194,   Eta1Dor,5.71,-0.03
91.764167,-62.154722,2196,HR2196,5.05,1.25
93.01375,16.130556,2198, 69    Ori,4.95,-0.14
92.985,14.208889,2199, 70Xi  Ori,4.48,-0.18
92.644167,-27.154167,2200,HR2200,5.72,1.07
93.919167,59.999167,2201, 40    Cam,5.35,1.34
92.542917,-40.353611,2203,HR2203,5.58,1.68
92.965833,-6.550278,2205,HR2205,5.05,-0.2
94.711667,69.319722,2209,HR2209,4.8,0.03
92.574583,-54.968611,2212,   Del Pic,4.81,-0.23
93.619167,17.906389,2214,HR2214,5.88,0.22
94.478333,61.515278,2215,  1    Lyn,4.98,1.83
93.719167,22.506667,2216,  7Eta Gem,3.28,1.6
93.47625,-3.741389,2218,HR2218,5.83,0.94
93.844583,29.498056,2219, 44Kap Aur,4.35,1.02
93.712083,19.156389,2220, 71    Ori,5.2,0.44
92.184167,-68.843333,2221,   Nu  Dor,5.06,-0.08
93.785417,13.851111,2222,HR2222,5.91,-0.23
93.854583,16.143056,2223, 72    Ori,5.3,-0.14
93.652917,-4.568333,2224,HR2224,5.83,-0.17
93.71375,-6.274722,2227,  5Gam Mon,3.98,1.32
93.9375,12.551111,2229, 73    Ori,5.33,-0.02
93.892917,-0.512222,2233,HR2233,5.65,0.5
93.87375,-4.915278,2234,HR2234,5.99,0.09
94.905833,59.010833,2238,  2    Lyn,4.48,0.01
94.110833,12.272222,2241, 74    Ori,5.04,0.42
93.785,-20.272222,2242,HR2242,5.91,1.32
93.822917,-18.476667,2243,HR2243,5.99,1.06
93.937083,-13.718333,2244,HR2244,5.01,-0.08
92.8125,-65.589444,2245,   Eta2Dor,5.01,1.62
94.2775,9.9425,2247, 75    Ori,5.39,0.1
94.032083,-16.617778,2249,HR2249,5.92,-0.17
94.317083,5.100278,2251,HR2251,5.71,0.61
94.137917,-35.140556,2256,   Kap Col,4.37,1.0
95.515,59.372222,2257,  4    Lyn,5.94,
94.42375,-16.815833,2260,HR2260,5.14,1.3
92.56,-74.753056,2261,   Alp Men,5.09,0.72
94.148333,-39.264444,2262,HR2262,6.0,0.16
94.255,-37.7375,2263,HR2263,5.53,1.14
95.442083,53.452222,2264, 45    Aur,5.36,0.43
94.289583,-37.253056,2265,HR2265,5.87,0.14
94.557083,-19.966944,2266,HR2266,5.52,-0.18
94.710833,-9.390278,2267,HR2267,5.36,1.24
95.0175,14.651111,2269,HR2269,5.69,1.61
94.745833,-20.926111,2271,HR2271,5.81,-0.15
94.928333,-7.823056,2273,  7    Mon,5.27,-0.19
94.998333,-2.944444,2275,HR2275,4.9,1.6
94.920833,-34.396667,2279,HR2279,5.78,-0.08
95.078333,-30.063333,2282,  1Zet CMa,3.02,-0.19
95.352917,-11.773333,2284,HR2284,5.64,-0.02
97.060833,70.535556,2285,HR2285,5.97,
95.74,22.513611,2286, 13Mu  Gem,2.88,1.64
95.652083,12.57,2287,HR2287,6.0,
95.15125,-34.143889,2288,HR2288,5.53,-0.19
96.224583,49.288056,2289, 46Psi1Aur,4.91,1.97
96.6075,56.285,2291,HR2291,5.64,0.24
96.70375,58.417222,2293,  5    Lyn,5.21,1.53
95.675,-17.955833,2294,  2Bet CMa,1.98,-0.23
95.528333,-33.436389,2296,   Del Col,3.85,0.88
95.942083,4.592778,2298,  8Eps Mon,4.44,0.18
96.042917,-11.530278,2305,HR2305,5.22,1.24
96.304583,7.085833,2310,HR2310,5.98,1.22
95.982917,-25.577778,2311,HR2311,5.63,1.56
96.318333,-0.946111,2313,HR2313,5.87,0.56
96.004167,-36.707778,2316,HR2316,5.62,1.04
95.7325,-56.37,2320,   Nu  Pic,5.61,0.24
95.907083,-52.181111,2322,HR2322,5.98,1.04
96.665,-1.507222,2324,HR2324,5.87,0.08
95.987917,-52.695833,2326,   Alp Car,-0.72,0.15
97.696667,58.162778,2331,  6    Lyn,5.88,0.94
97.142083,30.493056,2332, 48    Aur,5.55,0.68
96.835,2.908056,2333,HR2333,5.55,1.04
96.8075,0.299167,2334,HR2334,5.2,1.18
96.815,-0.276111,2335,HR2335,5.55,1.38
97.5125,46.685556,2338, 47    Aur,5.9,1.44
97.240833,20.212222,2343, 18Nu  Gem,4.15,-0.13
96.99,-4.762222,2344, 10    Mon,5.06,-0.17
96.057083,-60.281111,2345,HR2345,5.8,0.0
96.431667,-48.177222,2348,HR2348,5.76,-0.06
95.659167,-69.984167,2352,   Pi 1Dor,5.56,1.51
97.204167,-7.032778,2356, 11Bet Mon,4.6,-0.1
97.20625,-7.034444,2357, 11Bet Mon,5.4,-0.07
97.20625,-7.034444,2358, 11Bet Mon,5.6,
97.155417,-17.466111,2359,HR2359,5.77,1.12
97.042083,-32.58,2361,   Lam CMa,4.48,-0.17
100.12,77.995833,2363,HR2363,5.73,1.47
97.163333,-32.371111,2364,HR2364,5.74,-0.17
97.547083,-10.081389,2367,HR2367,5.93,1.38
96.766667,-58.002222,2369,HR2369,5.82,1.28
98.113333,32.454722,2372,HR2372,5.87,0.14
97.95125,11.544444,2375,HR2375,5.23,0.15
96.369167,-69.690278,2377,   Pi 2Dor,5.38,0.97
97.845833,-12.391667,2379,HR2379,5.15,1.27
97.692917,-27.769444,2380,HR2380,5.93,-0.15
97.95875,-8.158056,2381,HR2381,5.43,1.38
98.08,4.855833,2382, 12    Mon,5.84,0.99
97.454583,-50.239167,2384,HR2384,5.27,0.41
98.225833,7.333056,2385, 13    Mon,4.5,0.0
98.09625,-5.868889,2386,HR2386,5.6,0.25
97.96375,-23.418333,2387,  4Xi 1CMa,4.33,-0.24
97.804167,-35.259167,2388,HR2388,5.84,0.81
97.36875,-56.852778,2389,HR2389,5.22,1.09
98.400417,14.155278,2391,HR2391,5.53,1.11
99.4225,61.481111,2394,  8    Lyn,5.94,0.89
98.407917,-1.220278,2395,HR2395,5.1,-0.14
100.134167,71.748889,2396,HR2396,5.92,1.19
98.1625,-32.030556,2397,HR2397,5.69,-0.17
98.800417,28.022222,2398, 49    Aur,5.27,-0.03
98.08875,-37.696667,2399,HR2399,5.24,1.0
97.82625,-51.826111,2400,HR2400,5.6,0.54
101.55875,79.564722,2401,HR2401,5.45,0.5
99.410417,56.8575,2402, 11    Lyn,5.85,
99.137083,38.445278,2405,HR2405,5.29,2.61
98.823333,9.988333,2406,HR2406,5.88,1.51
98.815833,0.89,2409,HR2409,5.8,0.0
98.45625,-36.232222,2411,HR2411,5.42,1.44
97.993333,-58.754167,2412,   Mu  Pic,5.7,-0.06
98.764167,-22.964722,2414,  5Xi 2CMa,4.54,-0.05
98.647083,-32.716389,2415,HR2415,5.62,-0.08
99.147083,-5.211111,2418,HR2418,5.52,-0.08
99.664583,39.390833,2419, 51    Aur,5.69,1.35
99.705,39.9025,2420, 52Psi3Aur,5.2,-0.07
99.427917,16.399167,2421, 24Gam Gem,1.93,0.0
99.095,-18.66,2423,  6Nu 1CMa,5.7,0.85
98.850417,-36.78,2424,HR2424,5.59,-0.14
99.595833,28.984167,2425, 53    Aur,5.79,0.0
99.832917,42.488889,2427, 50Psi2Aur,4.79,1.23
99.194583,-13.320833,2428,HR2428,5.97,1.56
99.170833,-19.255833,2429,  7Nu 2CMa,3.95,1.06
98.744167,-52.975556,2435,HR2435,4.39,-0.02
99.4725,-18.2375,2443,  8Nu 3CMa,4.43,1.15
99.3075,-36.990556,2446,HR2446,5.71,-0.12
99.448333,-32.339722,2447,HR2447,5.27,1.18
99.948333,12.983056,2449,HR2449,5.97,0.06
99.819583,-14.145833,2450,HR2450,4.82,1.5
99.440417,-43.196111,2451,   Nu  Pup,3.17,-0.11
100.244583,9.895556,2456, 15    Mon,4.66,-0.25
100.770833,44.524444,2459, 55Psi4Aur,5.02,1.48
99.927917,-30.470278,2460,HR2460,5.71,1.14
100.2725,0.495278,2461,HR2461,5.79,-0.1
99.656667,-48.220278,2462,HR2462,4.93,0.87
100.60125,17.645278,2466, 26    Gem,5.21,0.06
100.485,-9.167222,2469,HR2469,5.19,1.53
101.55875,59.441667,2470, 12    Lyn,4.87,0.08
100.982917,25.131111,2473, 27Eps Gem,2.98,1.4
101.70625,57.169167,2477, 13    Lyn,5.35,0.96
100.997083,13.227778,2478, 30    Gem,4.49,1.16
100.91125,3.932222,2479,HR2479,5.9,-0.02
101.189583,28.970833,2480, 28    Gem,5.44,1.45
101.684583,43.5775,2483, 56Psi5Aur,5.25,0.56
101.3225,12.895556,2484, 31Xi  Gem,3.36,0.43
101.915,48.789444,2487, 57Psi6Aur,5.22,1.12
102.737917,67.571944,2490, 42    Cam,5.14,-0.17
101.287083,-16.716111,2491,  9Alp CMa,-1.46,0.0
101.118333,-31.070556,2492, 10    CMa,5.2,-0.12
101.635,8.587222,2494, 16    Mon,5.93,-0.17
101.497083,-14.796111,2498,HR2498,5.32,0.07
101.345,-31.793611,2500,HR2500,5.92,0.48
101.380417,-30.948889,2501,HR2501,5.8,-0.19
101.6625,-10.107222,2502,HR2502,5.66,-0.05
101.8325,8.037222,2503, 17    Mon,4.77,1.4
101.712917,-14.425833,2504, 11    CMa,5.29,-0.04
101.965,2.412222,2506, 18    Mon,4.47,1.11
101.904583,-8.998333,2508,HR2508,5.07,1.8
103.425833,68.888333,2511, 43    Cam,5.12,-0.13
102.422083,32.606667,2512,HR2512,5.71,1.29
102.079167,-1.319167,2514,HR2514,5.75,0.28
101.47375,-52.41,2515,HR2515,5.8,1.53
102.69125,41.781389,2516, 58Psi7Aur,5.02,1.27
101.839167,-37.929722,2518,HR2518,5.26,-0.08
102.4575,16.202778,2519, 33    Gem,5.85,-0.13
103.27125,59.448611,2520, 14    Lyn,5.33,0.65
102.318333,-2.271944,2521,HR2521,5.74,-0.1
102.240833,-15.144722,2522,HR2522,5.39,-0.1
101.72,-51.265833,2523,HR2523,5.4,1.34
102.60625,13.413333,2525, 35    Gem,5.65,1.34
101.827917,-55.54,2526,HR2526,5.61,1.52
105.016667,76.9775,2527,HR2527,4.55,1.36
102.8875,21.761111,2529, 36    Gem,5.27,-0.02
102.707917,-0.540833,2530,HR2530,5.77,0.39
103.0,23.601667,2533,HR2533,5.65,1.45
102.59125,-17.083889,2535,HR2535,5.79,1.44
102.460417,-32.508611,2538, 13Kap CMa,3.96,-0.23
103.197083,33.961111,2540, 34The Gem,3.6,0.1
102.597083,-31.706111,2545,HR2545,5.7,0.14
102.4775,-46.614722,2548,HR2548,5.14,0.45
102.718333,-34.367222,2549,HR2549,4.99,1.38
102.0475,-61.941389,2550,   Alp Pic,3.27,0.21
103.205833,8.380278,2551,HR2551,5.77,0.26
102.484167,-50.614722,2553,   Tau Pup,2.93,1.2
102.46375,-53.622222,2554,HR2554,4.4,0.92
102.92625,-36.230278,2558,HR2558,5.96,0.18
100.01125,-80.813611,2559,   Zet Men,5.64,0.2
104.31875,58.4225,2560, 15    Lyn,4.35,0.85
103.66125,13.177778,2564, 38    Gem,4.65,0.3
103.328333,-19.032778,2565,HR2565,5.64,0.28
104.134583,46.274167,2568,   Psi9Aur,5.87,-0.06
103.8275,25.375556,2569, 37    Gem,5.73,0.57
103.387083,-20.224167,2571, 15    CMa,4.83,-0.21
103.6025,-1.126944,2572,HR2572,5.45,0.18
104.233333,46.705,2573,HR2573,5.86,1.08
103.5475,-12.038611,2574, 14The CMa,4.07,1.43
103.532917,-24.183889,2580, 16Omi1CMa,3.87,1.73
105.339583,70.808056,2581,HR2581,5.68,1.33
104.404583,45.094167,2585, 16    Lyn,4.9,0.03
104.252083,33.681111,2586,HR2586,5.89,0.88
103.76125,-20.404722,2588, 17    CMa,5.74,0.08
104.1075,9.956389,2589,HR2589,5.92,-0.08
103.905833,-20.136389,2590, 19Pi  CMa,4.68,0.37
104.0275,-14.043611,2593, 18Mu  CMa,5.0,1.18
103.945,-22.941389,2595,HR2595,5.3,-0.18
104.034167,-17.054167,2596, 20Iot CMa,4.37,-0.07
104.761667,38.052222,2600, 62    Aur,6.0,1.23
102.8625,-70.963333,2602,   Iot Vol,5.4,-0.11
104.39125,-24.630556,2607,HR2607,5.46,0.36
104.066667,-48.721111,2608,HR2608,4.95,1.69
115.127083,87.02,2609,HR2609,5.07,1.63
104.7375,3.602222,2610,HR2610,5.97,1.06
105.065833,16.078889,2615, 41    Gem,5.68,1.66
104.649583,-25.413889,2616,HR2616,5.59,-0.16
104.65625,-28.972222,2618, 21Eps CMa,1.5,-0.21
104.604583,-34.111667,2619,HR2619,5.06,-0.16
105.09875,-8.406944,2624,HR2624,5.96,-0.08
105.603333,24.215278,2630, 42Ome Gem,5.18,0.94
105.60625,17.755556,2631,HR2631,5.94,1.63
105.5725,15.336111,2632,HR2632,5.74,
105.639583,16.674167,2635,HR2635,5.82,1.68
105.485,-5.722222,2639,HR2639,5.2,1.68
105.274583,-25.215278,2640,HR2640,5.63,-0.17
105.876667,29.337222,2643,HR2643,5.93,0.6
105.429583,-27.934722,2646, 22Sig CMa,3.47,1.73
105.824583,9.138333,2647,HR2647,5.97,0.12
105.728333,-4.239167,2648, 19    Mon,4.99,-0.2
105.908333,10.951667,2649,HR2649,5.13,1.39
106.027083,20.570278,2650, 43Zet Gem,3.79,0.79
105.965,12.594444,2651,HR2651,5.98,1.58
105.214583,-51.4025,2652,HR2652,5.14,1.61
105.75625,-23.833333,2653, 24Omi2CMa,3.02,-0.08
106.021667,-5.323611,2655,HR2655,5.62,1.29
105.939583,-15.633333,2657, 23Gam CMa,4.12,-0.12
106.548333,34.473889,2660,HR2660,5.55,0.91
104.960417,-67.916111,2662,HR2662,5.17,1.4
106.412917,9.185833,2663,HR2663,5.78,1.52
106.842917,34.009444,2665,HR2665,5.91,1.51
106.011667,-42.337222,2666,HR2666,5.2,0.2
105.98875,-43.608056,2667,HR2667,5.54,0.64
105.97375,-49.583889,2672,HR2672,4.93,0.13
105.815,-59.178056,2674,HR2674,5.5,-0.11
106.669583,-11.294167,2678,HR2678,5.39,0.05
106.95625,7.471111,2682,HR2682,5.75,1.18
106.07625,-56.749722,2683,HR2683,5.17,-0.04
107.091667,15.930833,2684, 45    Gem,5.44,1.03
104.143333,-79.420278,2689,   The Men,5.45,0.05
106.844167,-23.840278,2690,HR2690,5.71,-0.1
106.779583,-40.893333,2691,HR2691,5.79,-0.17
107.097917,-26.393333,2693, 25Del CMa,1.84,0.68
107.91375,39.320556,2696, 63    Aur,4.9,1.45
107.785,30.245278,2697, 46Tau Gem,4.41,1.26
106.805417,-51.967778,2698,HR2698,5.96,1.0
107.84625,26.856667,2700, 47    Gem,5.78,0.1
107.557083,-4.237222,2701, 20    Mon,4.92,1.03
107.212917,-39.655833,2702,HR2702,4.83,-0.18
108.3475,51.428889,2703,HR2703,5.47,1.67
107.42875,-25.231111,2704,HR2704,5.69,-0.16
108.11,24.128333,2706, 48    Gem,5.85,0.36
107.848333,-0.301944,2707, 21    Mon,5.45,0.29
107.580833,-27.491389,2708,HR2708,5.46,1.0
107.96625,-0.492778,2714, 22Del Mon,4.15,-0.01
108.97875,59.6375,2715, 18    Lyn,5.2,1.07
107.923333,-20.883056,2716,HR2716,5.84,-0.04
108.342917,16.158889,2717, 51    Gem,5.0,1.66
108.050833,-25.9425,2718, 26    CMa,5.92,-0.17
107.697917,-48.932222,2719,HR2719,5.14,1.24
108.95875,47.24,2721,HR2721,5.58,0.58
108.28,-11.251389,2723,HR2723,5.78,1.51
108.674583,24.885,2725, 52    Gem,5.82,1.56
108.107083,-36.544444,2726,HR2726,5.96,-0.14
108.065833,-40.498889,2727,HR2727,5.31,0.06
108.635833,12.115833,2728,HR2728,5.62,1.01
108.583333,3.111389,2729,HR2729,5.35,1.19
108.545833,-3.901389,2731,HR2731,5.75,1.58
108.564583,-9.9475,2732,HR2732,5.9,1.52
107.175833,-70.497222,2735,   Gam1Vol,5.69,0.4
107.187083,-70.498889,2736,   Gam2Vol,3.78,1.04
109.390417,52.130833,2737,HR2737,5.92,1.26
108.987917,27.8975,2738, 53    Gem,5.71,1.63
108.14,-46.759444,2740,HR2740,4.49,0.32
112.768333,82.411389,2742,HR2742,4.96,1.66
108.563333,-26.3525,2745, 27    CMa,4.66,-0.19
108.305833,-45.183056,2746,HR2746,4.89,-0.02
108.914167,7.977778,2747,HR2747,5.82,1.6
108.385,-44.639722,2748,HR2748,5.1,1.56
108.702917,-26.772778,2749, 28Ome CMa,3.85,-0.17
108.712917,-27.038056,2750,HR2750,5.58,1.22
109.632917,49.465,2751,HR2751,5.05,0.08
108.929583,-10.583889,2752,HR2752,5.95,1.18
109.509167,40.883333,2753, 64    Aur,5.78,0.17
108.8375,-30.686389,2756,HR2756,5.36,-0.17
109.060417,-15.585833,2758,HR2758,5.46,0.08
108.737917,-41.425833,2759,HR2759,5.94,-0.16
108.69125,-46.849722,2761,HR2761,5.72,-0.11
108.659167,-48.271667,2762,HR2762,4.76,-0.1
109.523333,16.540278,2763, 54Lam Gem,3.58,0.11
109.153333,-23.315556,2764,HR2764,4.79,1.71
109.145833,-27.881111,2766,HR2766,4.64,1.6
108.8375,-52.499722,2767,HR2767,5.97,1.1
109.1325,-38.318889,2769,HR2769,5.8,-0.13
109.20625,-36.592778,2770,HR2770,5.03,-0.17
109.064583,-46.774444,2771,HR2771,5.66,1.44
109.285833,-37.0975,2773,   Pi  Pup,2.7,1.62
110.322917,45.228056,2776,HR2776,5.77,0.32
110.030833,21.982222,2777, 55Del Gem,3.53,0.34
109.843333,2.740556,2778,HR2778,5.89,1.07
109.948333,7.142778,2779,HR2779,5.91,0.53
109.667917,-24.558889,2781, 29    CMa,4.98,-0.15
109.676667,-24.954167,2782, 30Tau CMa,4.4,-0.15
110.717083,55.281389,2784, 19    Lyn,5.45,
109.713333,-26.585833,2786,HR2786,5.28,0.96
109.576667,-36.734167,2787,HR2787,4.66,-0.1
109.867083,-16.395,2788,HR2788,5.7,0.35
109.5175,-43.986667,2789,HR2789,5.85,-0.12
109.659167,-36.742778,2790,HR2790,5.11,-0.16
109.64,-39.210278,2791,HR2791,5.25,0.01
110.510833,36.760556,2793, 65    Aur,5.13,1.08
110.486667,20.443611,2795, 56    Gem,5.1,1.52
110.2425,-14.36,2796,HR2796,5.45,0.98
110.514583,0.177222,2801,HR2801,5.99,-0.07
110.267917,-25.891389,2802,HR2802,5.87,1.64
109.2075,-67.957222,2803,   Del Vol,3.98,0.79
111.238333,51.887222,2804,HR2804,5.8,1.61
111.035417,40.672222,2805, 66    Aur,5.19,1.23
110.86875,25.050556,2808, 57    Gem,5.03,0.9
110.605833,-5.982778,2811,HR2811,5.82,0.35
110.55625,-19.016667,2812,HR2812,4.96,-0.04
110.16125,-52.086111,2815,HR2815,5.39,-0.07
111.139167,27.638056,2816, 59    Gem,5.76,0.34
111.678333,49.211389,2818, 21    Lyn,4.64,-0.02
110.7525,-31.923889,2819,HR2819,5.43,-0.15
111.2425,11.669722,2820,  1    CMi,5.3,0.1
111.431667,27.798056,2821, 60Iot Gem,3.79,1.03
110.87125,-27.834167,2822,HR2822,5.38,1.53
110.882917,-32.202222,2823,HR2823,5.39,-0.18
111.167083,-16.201111,2825,HR2825,5.33,-0.05
111.02375,-29.303056,2827, 31Eta CMa,2.45,-0.08
111.412083,9.276111,2828,  2Eps CMi,4.99,1.01
112.719583,68.465556,2830,HR2830,5.64,1.11
111.284583,-13.751944,2832,HR2832,5.78,0.42
111.4625,-5.775,2833,HR2833,5.97,0.92
111.1825,-31.808889,2834,HR2834,5.35,1.07
111.734583,20.257222,2837, 61    Gem,5.93,0.3
111.355417,-25.217778,2841,HR2841,5.78,-0.1
112.215,48.183889,2844,HR2844,5.72,-0.1
111.7875,8.289444,2845,  3Bet CMi,2.9,-0.09
111.935,21.445,2846, 63    Gem,5.22,0.39
112.483333,49.6725,2849, 22    Lyn,5.36,0.45
112.00875,6.941944,2851,  5Eta CMi,5.25,0.22
112.277917,31.784444,2852, 62Rho Gem,4.18,0.32
111.783333,-17.864444,2853,HR2853,5.63,0.32
112.040833,8.925556,2854,  4Gam CMi,4.32,1.43
111.7475,-23.086111,2855,HR2855,5.61,-0.13
111.67625,-34.140833,2856,HR2856,5.9,-0.17
112.335,28.118056,2857, 64    Gem,5.05,0.11
111.965417,-11.556944,2859,HR2859,5.79,0.58
111.92875,-22.859722,2860,HR2860,5.95,-0.09
112.452917,27.916111,2861, 65    Gem,5.01,1.11
111.59125,-51.018333,2862,HR2862,5.1,1.06
111.996667,-29.155833,2863,HR2863,5.54,-0.08
112.449167,12.006667,2864,  6    CMi,4.54,1.28
112.327917,-1.905278,2865,HR2865,5.59,1.5
112.357083,-7.551111,2866,HR2866,5.86,0.48
112.342083,-10.326667,2867,HR2867,5.75,1.62
112.270417,-31.456389,2873,HR2873,5.77,-0.19
112.464167,-23.024444,2874,HR2874,4.85,0.23
112.27375,-38.812222,2875,HR2875,5.43,-0.16
112.951667,17.086111,2877,HR2877,5.42,1.13
112.3075,-43.301389,2878,   Sig Pup,3.25,1.51
113.024583,1.914444,2880,  7Del1CMi,5.25,0.22
112.677083,-30.962222,2881,HR2881,4.65,0.93
113.024167,-8.880833,2883,HR2883,5.9,0.54
112.498333,-52.651111,2884,HR2884,5.87,1.01
113.402083,15.826667,2886, 68    Gem,5.25,0.05
113.298333,3.290278,2887,  8Del2CMi,5.59,0.31
113.65,31.888611,2890, 66Alp Gem,2.88,0.04
113.65,31.888333,2891, 66Alp Gem,1.98,0.03
112.62875,-54.399444,2892,HR2892,5.96,1.56
114.195833,55.755278,2894,HR2894,5.92,1.12
113.78625,30.961111,2896,HR2896,5.33,1.01
113.33125,-19.4125,2899,HR2899,5.66,1.12
113.290417,-24.710833,2900,HR2900,5.85,0.17
113.565833,3.371389,2901,  9Del3CMi,5.81,-0.02
113.449583,-14.523889,2902,HR2902,4.97,1.41
114.131667,46.180278,2903,HR2903,5.65,1.56
113.980417,26.895833,2905, 69Ups Gem,4.06,1.54
113.513333,-22.296111,2906,HR2906,4.45,0.51
113.5775,-23.473611,2909,HR2909,5.83,0.44
113.579583,-23.474722,2910,HR2910,5.87,
113.4625,-36.338333,2911,HR2911,5.54,-0.06
114.474583,48.773611,2914,HR2914,5.92,0.22
113.645417,-27.011944,2916,HR2916,5.77,1.06
114.144583,5.861667,2918,HR2918,5.91,0.6
111.408333,-79.094167,2919,   Eps Men,5.53,1.28
114.01625,-14.492778,2921,HR2921,5.7,-0.12
113.845,-28.369444,2922,HR2922,4.64,-0.11
114.636667,35.048611,2924, 70    Gem,5.56,0.93
114.319583,-4.111111,2927, 25    Mon,5.13,0.44
114.170833,-19.702222,2928,HR2928,5.74,-0.19
114.79125,34.584167,2930, 71Omi Gem,4.9,0.4
113.915417,-52.533889,2934,HR2934,4.94,1.4
115.060833,38.344444,2935,HR2935,5.73,1.63
114.342083,-34.968611,2937,HR2937,4.53,-0.09
114.869167,17.674722,2938, 74    Gem,5.05,1.56
115.301667,48.131667,2939,HR2939,5.56,1.01
114.182917,-48.830278,2940,HR2940,5.72,-0.06
114.825417,5.225,2943, 10Alp CMi,0.38,0.42
114.575,-25.364722,2944,HR2944,4.7,-0.11
115.751667,58.710278,2946, 24    Lyn,4.99,0.08
114.705417,-26.801667,2948,HR2948,4.5,-0.17
114.7075,-26.803611,2949,HR2949,4.62,
115.24375,23.018611,2951,HR2951,5.89,1.58
114.682917,-36.496944,2954,HR2954,5.8,-0.16
114.575833,-48.601111,2957,HR2957,5.68,0.65
115.096667,-15.263611,2959,HR2959,4.94,1.56
115.056667,-19.660833,2960,HR2960,5.93,1.16
114.864167,-38.308333,2961,HR2961,4.84,-0.19
114.9325,-38.139444,2963,HR2963,5.73,-0.12
114.949167,-38.260833,2964,HR2964,5.76,-0.07
115.465833,13.480556,2965,HR2965,5.77,1.67
115.396667,3.624722,2966,HR2966,5.94,-0.04
115.513333,14.208333,2967,HR2967,5.56,1.64
114.991667,-37.579444,2968,HR2968,6.0,-0.04
116.0175,50.433889,2969,HR2969,5.27,0.0
115.311667,-9.551111,2970, 26Alp Mon,3.93,1.02
115.827917,28.883611,2973, 75Sig Gem,4.28,1.12
116.667083,65.455833,2975, 51    Cam,5.92,1.18
115.315833,-38.533611,2981,HR2981,5.42,-0.15
116.02875,25.784167,2983, 76    Gem,5.31,1.54
116.111667,24.398056,2985, 77Kap Gem,3.57,0.93
115.700417,-26.351111,2988,HR2988,5.64,0.99
116.32875,28.026111,2990, 78Bet Gem,1.14,1.0
115.885,-28.411111,2993,  1    Pup,4.59,1.63
115.8,-36.050278,2994,HR2994,5.6,-0.13
115.952083,-28.954722,2996,  3    Pup,3.96,0.18
115.738333,-45.173333,2998,HR2998,5.06,0.78
116.66375,37.5175,2999,HR2999,5.18,1.58
115.924583,-40.933889,3002,HR3002,5.17,1.1
116.530833,18.51,3003, 81    Gem,4.88,1.45
116.141667,-24.673889,3004,HR3004,5.62,-0.19
116.04,-36.062778,3007,HR3007,5.8,0.31
116.5675,10.768333,3008, 11    CMi,5.3,0.01
116.1425,-37.943056,3011,HR3011,5.88,-0.11
116.87625,33.415556,3013, 80Pi  Gem,5.14,1.6
116.509167,-6.7725,3014,HR3014,5.49,1.38
116.487083,-14.563889,3015,  4    Pup,5.04,0.33
116.31375,-37.968611,3017,HR3017,3.61,1.73
116.395833,-34.173056,3018,HR3018,5.37,0.6
116.543333,-37.933889,3022,HR3022,5.88,-0.11
116.802083,-22.519722,3023,HR3023,5.9,-0.19
115.455,-72.606111,3024,   Zet Vol,3.95,1.04
116.98625,-12.193056,3029,  5    Pup,5.48,0.48
117.021667,-25.937222,3034,   Omi Pup,4.5,-0.05
116.854167,-38.511111,3035,HR3035,5.08,-0.1
116.88125,-46.608611,3037,HR3037,5.23,-0.14
117.257083,-24.912222,3043,HR3043,5.33,0.76
117.421667,-17.228333,3044,  6    Pup,5.18,1.28
117.32375,-24.859722,3045,  7Xi  Pup,3.34,1.24
117.084583,-47.077778,3046,HR3046,4.71,1.06
117.544167,-9.183333,3047,HR3047,5.61,1.44
117.31125,-35.243333,3049,HR3049,5.93,-0.05
117.3975,-33.288889,3052,HR3052,5.6,1.61
117.98625,19.325278,3053,HR3053,5.99,1.13
117.309583,-46.373333,3055,HR3055,4.11,-0.18
117.30375,-46.857778,3058,HR3058,5.84,-0.14
117.925,1.766944,3059, 13Zet CMi,5.14,-0.12
117.277917,-56.410556,3062,HR3062,5.59,1.13
117.942917,-13.898056,3064,  9    Pup,5.17,0.6
118.677917,47.564722,3066, 26    Lyn,5.45,1.46
118.374167,26.765833,3067, 83Phi Gem,4.97,0.09
117.92875,-21.173889,3068,HR3068,5.63,0.96
117.30375,-60.283611,3070,HR3070,5.78,0.42
117.599583,-50.509722,3071,HR3071,5.91,1.09
118.199583,-5.428056,3072,HR3072,5.76,0.41
118.07875,-14.846389,3073, 10    Pup,5.69,0.37
120.04875,73.918056,3075,HR3075,5.41,1.42
118.065417,-34.705278,3079,HR3079,5.01,0.44
118.054167,-40.575833,3080,HR3080,3.73,1.04
117.420833,-66.195833,3081,HR3081,5.79,-0.04
121.19625,79.479722,3082,HR3082,5.42,-0.06
118.16125,-38.863056,3084,HR3084,4.49,-0.19
118.264583,-36.363889,3085,HR3085,5.43,1.16
118.91625,19.883889,3086, 85    Gem,5.35,-0.04
118.880833,8.862778,3087,HR3087,5.86,0.35
118.12375,-54.367222,3088,HR3088,5.7,-0.15
118.265417,-49.613056,3089,HR3089,4.63,-0.23
118.325833,-48.103056,3090,HR3090,4.24,-0.14
118.545833,-35.8775,3091,HR3091,5.49,-0.19
119.2475,15.790278,3095,  1    Cnc,5.78,1.28
119.214583,-22.88,3102, 11    Pup,4.2,0.72
119.63125,16.518611,3104,HR3104,5.99,1.47
118.721667,-57.303056,3105,HR3105,5.63,1.3
120.33625,59.0475,3106,HR3106,5.77,0.39
119.585833,2.224722,3110, 14    CMi,5.29,0.92
119.417083,-30.334722,3113,HR3113,4.79,0.15
119.24125,-43.500278,3114,HR3114,5.35,-0.18
119.326667,-44.109722,3116,HR3116,5.09,-0.17
119.194583,-52.982222,3117,   Chi Car,3.47,-0.18
119.0775,-60.526389,3120,HR3120,5.74,1.55
119.465833,-45.577778,3121,HR3121,5.17,1.27
119.93375,-3.679722,3122, 27    Mon,4.93,1.21
119.77375,-23.310556,3123, 12    Pup,5.11,1.12
120.232917,25.392778,3124,  2Ome1Cnc,5.83,1.02
120.197083,17.308611,3128,  3    Cnc,5.55,1.32
119.56,-49.245,3129,HR3129,4.41,-0.17
119.966667,-18.399167,3131,HR3131,4.61,0.08
120.37625,16.455278,3134,  5    Cnc,5.99,-0.02
120.3075,4.879722,3136,HR3136,5.65,0.0
119.7575,-45.216111,3137,HR3137,5.99,-0.14
119.445417,-60.303333,3138,HR3138,5.6,0.57
119.868333,-39.297222,3140,HR3140,5.24,0.39
120.305417,-1.3925,3141, 28    Mon,4.68,1.49
120.56625,2.334444,3145,HR3145,4.39,1.25
119.710417,-60.824444,3147,HR3147,5.81,-0.09
120.879583,27.794167,3149,   Chi Gem,4.94,1.12
119.906667,-60.586944,3153,HR3153,5.17,1.74
120.405833,-37.283611,3154,HR3154,5.95,0.14
120.207917,-54.151389,3156,HR3156,5.87,-0.14
120.083333,-63.5675,3159,HR3159,4.82,-0.17
120.767083,-32.463889,3160,HR3160,5.82,1.22
120.686667,-41.31,3162,HR3162,5.52,-0.15
121.26875,13.118056,3163,  8    Cnc,5.12,0.01
120.89625,-40.003333,3165,   Zet Pup,2.25,-0.26
121.576667,22.635556,3169,  9Mu 1Cnc,5.99,1.66
121.0675,-32.675,3170,HR3170,5.31,1.91
122.114167,51.506667,3173, 27    Lyn,4.84,0.05
122.515833,58.248056,3175,HR3175,5.93,1.39
121.940833,21.581667,3176, 10Mu 2Cnc,5.3,0.63
121.176667,-50.590556,3178,HR3178,5.95,1.21
121.266667,-53.108056,3180,HR3180,5.53,1.34
123.203333,68.474167,3182,HR3182,5.32,1.04
121.825,-20.554722,3183,HR3183,5.38,0.1
121.885833,-24.304167,3185, 15Rho Pup,2.81,0.43
121.668333,-45.266389,3187,HR3187,5.05,1.5
122.148333,-2.983889,3188, 29Zet Mon,4.34,0.97
122.613333,25.507222,3191, 14Psi Cnc,5.73,0.81
122.256667,-19.245,3192, 16    Pup,4.4,-0.15
122.36875,-16.248889,3194,HR3194,5.68,-0.17
123.459167,56.452222,3200,HR3200,5.85,1.01
122.665833,-13.799167,3202, 18    Pup,5.54,0.49
122.29,-48.684444,3203,HR3203,5.7,-0.12
122.399583,-44.122778,3204,HR3204,5.21,-0.19
122.372083,-47.345833,3206,   Gam1Vel,4.27,-0.23
122.383333,-47.336667,3207,   Gam2Vel,1.78,-0.22
123.052917,17.647778,3208, 16Zet1Cnc,5.63,0.54
122.817917,-12.926944,3211, 19    Pup,4.72,0.95
122.8875,-7.7725,3212,HR3212,5.36,0.89
122.43,-47.9375,3213,HR3213,5.23,-0.21
123.287083,29.656667,3215, 15    Cnc,5.64,-0.07
124.884167,75.756944,3216,HR3216,5.54,0.9
122.39,-56.085556,3218,HR3218,5.66,0.21
122.252917,-61.3025,3220,HR3220,4.76,0.43
121.9825,-68.617222,3223,   Eps Vol,4.35,-0.11
122.839583,-39.618611,3225,HR3225,4.45,1.62
122.857917,-42.987222,3226,HR3226,4.75,0.18
122.79625,-48.461944,3227,HR3227,5.82,-0.15
123.333333,-15.788333,3229, 20    Pup,4.99,1.07
123.0,-46.644167,3232,HR3232,5.76,0.59
124.46,59.571111,3235, 29    Lyn,5.64,0.16
125.167917,72.407222,3236,HR3236,5.98,1.54
123.373333,-35.899722,3237,HR3237,4.78,-0.11
123.493333,-36.3225,3240,HR3240,5.08,-0.19
123.555,-35.490556,3242,HR3242,5.78,1.02
123.512083,-40.348056,3243,HR3243,4.44,1.17
123.400833,-46.991944,3244,HR3244,5.13,-0.14
124.822083,62.507222,3245,HR3245,5.71,0.89
123.392083,-50.196111,3247,HR3247,5.51,1.61
124.12875,9.185556,3249, 17Bet Cnc,3.52,1.48
123.599583,-45.834444,3250,HR3250,5.83,-0.2
125.10875,57.743333,3254, 30    Lyn,5.89,0.39
124.599583,-12.631944,3259,HR3259,5.98,0.76
123.81625,-62.915833,3260,HR3260,5.16,0.09
125.01625,27.217778,3262, 18Chi Cnc,5.14,0.47
125.0875,20.747778,3264,HR3264,5.83,1.13
124.5725,-35.451667,3266,HR3266,5.58,1.24
125.13375,24.022222,3268, 19Lam Cnc,5.98,-0.03
124.63875,-36.659444,3270,HR3270,4.45,0.22
125.70875,43.188056,3275, 31    Lyn,4.25,1.55
125.952083,53.219722,3277,HR3277,5.51,0.11
125.338333,-20.079167,3279,HR3279,5.58,0.77
124.57875,-65.613333,3280,HR3280,5.07,1.15
125.4775,-17.586389,3281,HR3281,5.75,1.05
125.345833,-33.054444,3282,HR3282,4.83,1.45
125.3375,-36.484444,3283,HR3283,5.2,-0.19
125.840833,18.332222,3284, 20    Cnc,5.95,0.17
125.725,-7.543333,3288,HR3288,5.96,1.67
125.707917,-26.348056,3291,HR3291,5.9,0.37
125.3,-57.973056,3293,HR3293,5.97,-0.09
125.631667,-48.490278,3294,HR3294,4.82,-0.15
126.145833,-3.751111,3297,  1    Hya,5.61,0.46
125.73,-52.123889,3300,HR3300,5.85,0.01
124.954167,-71.515,3301,   Kap1Vol,5.37,-0.06
125.002917,-71.505278,3302,   Kap2Vol,5.65,-0.1
127.4425,67.2975,3303,HR3303,5.88,0.97
126.615417,27.893611,3304, 22Phi1Cnc,5.57,1.4
126.397917,2.102222,3305,HR3305,5.73,1.53
126.478333,7.564444,3306,HR3306,5.13,0.94
125.628333,-59.509722,3307,   Eps Car,1.86,1.28
126.229583,-23.153611,3308,HR3308,5.68,0.06
126.415,-3.906389,3314,HR3314,3.9,-0.02
126.265417,-24.046111,3315,HR3315,5.28,1.48
124.631667,-76.919722,3318,   Alp Cha,4.07,0.39
126.682917,12.654444,3319, 27    Cnc,5.5,1.6
126.481667,-14.929722,3320,HR3320,5.98,0.17
126.613333,-3.9875,3321,  2    Hya,5.59,0.22
126.238333,-42.769444,3322,HR3322,5.98,-0.17
127.56625,60.718056,3323,  1Omi UMa,3.36,0.84
126.674583,-12.534444,3324,HR3324,5.54,1.19
126.46625,-42.153333,3326,HR3326,5.47,-0.15
126.379167,-51.728056,3330,HR3330,5.17,-0.16
127.155417,14.210833,3333, 29    Cnc,5.95,0.19
125.518333,-73.4,3334,   Eta Vol,5.29,0.01
125.160417,-77.484444,3340,   The Cha,4.35,1.16
127.212083,-9.748333,3342,HR3342,6.0,0.42
126.997083,-35.113889,3343,HR3343,5.75,-0.15
126.465,-64.600833,3346,HR3346,5.97,0.96
126.434167,-66.136944,3347,   Bet Vol,3.77,1.13
126.902083,-53.088611,3350,HR3350,5.09,0.25
128.650833,65.145,3354,  2    UMa,5.47,0.18
127.877083,24.081111,3355, 30Ups1Cnc,5.75,0.28
127.281667,-44.160556,3356,HR3356,5.79,-0.16
127.89875,18.094444,3357, 31The Cnc,5.35,1.56
127.269583,-47.929167,3358,HR3358,5.33,-0.14
127.365,-44.725,3359,HR3359,4.99,-0.16
128.229167,38.016389,3360,HR3360,5.9,1.11
127.619167,-32.159444,3362,HR3362,5.65,1.49
127.44,-46.331944,3363,HR3363,5.99,-0.15
128.177083,20.441111,3366, 33Eta Cnc,5.33,1.25
127.87875,-19.5775,3367,HR3367,5.42,-0.06
126.820417,-70.093333,3370,HR3370,5.53,-0.03
128.6825,36.419444,3377, 33    Lyn,5.78,0.04
128.43125,4.756667,3378,HR3378,5.87,1.07
128.506667,-2.151667,3383,HR3383,5.81,0.0
128.02,-53.212222,3386,HR3386,5.69,0.58
128.409583,-38.848889,3389,HR3389,5.96,-0.14
129.79875,65.020833,3391,  3Pi 1UMa,5.64,0.62
126.0825,-80.914167,3393,HR3393,5.69,1.02
128.9625,6.62,3395,HR3395,5.99,0.52
128.8675,-7.982222,3398,  3    Hya,5.72,-0.03
129.5925,53.401389,3400,HR3400,5.66,0.96
128.87,-26.843611,3402,HR3402,5.96,0.37
130.053333,64.327778,3403,  4Pi 2UMa,4.6,1.17
129.274167,9.655556,3406, 36    Cnc,5.88,0.09
128.681667,-49.944167,3407,HR3407,5.01,1.33
129.823333,52.711667,3408,HR3408,5.91,1.17
129.579167,32.801944,3409,HR3409,5.94,1.12
129.414167,5.703611,3410,  4Del Hya,4.16,0.0
128.967083,-50.97,3413,HR3413,5.8,-0.13
128.831667,-58.009167,3414,HR3414,4.86,1.0
128.814167,-58.225,3415,HR3415,5.26,-0.14
129.689167,3.341389,3418,  5Sig Hya,4.44,1.21
129.4675,-26.255,3420,   Eta Pyx,5.27,-0.04
130.254583,45.833889,3422, 34    Lyn,5.37,0.99
129.41125,-42.989167,3426,HR3426,4.14,0.11
129.783333,-22.661944,3430,HR3430,5.05,0.73
130.00625,-12.475278,3431,  6    Hya,4.98,1.42
129.328333,-62.853611,3432,HR3432,5.47,1.02
129.927083,-29.561111,3433,   Zet Pyx,4.89,0.9
130.025833,-35.308333,3438,   Bet Pyx,3.97,0.94
130.080417,-40.264167,3439,HR3439,5.2,-0.01
129.849167,-53.439722,3440,HR3440,5.48,-0.16
130.430417,-15.943333,3441,  9    Hya,4.88,1.06
129.99,-53.055,3442,HR3442,5.19,-0.14
130.147083,-45.191389,3444,HR3444,5.71,1.65
130.156667,-46.648889,3445,HR3445,3.84,0.71
130.073333,-52.921944,3447,HR3447,3.62,-0.18
130.0725,-53.015278,3448,HR3448,5.61,-0.14
130.82125,21.468611,3449, 43Gam Cnc,4.66,0.02
130.80125,12.680833,3450, 45    Cnc,5.64,0.39
130.304583,-47.316944,3452,HR3452,4.77,0.12
130.272083,-48.9225,3453,HR3453,5.9,-0.21
130.80625,3.398611,3454,  7Eta Hya,4.3,-0.2
130.487083,-45.410833,3456,HR3456,5.23,0.21
130.154167,-59.761111,3457,HR3457,4.33,-0.11
130.918333,-7.233611,3459,HR3459,4.62,0.84
129.771667,-70.386944,3460,   The Vol,5.2,0.01
131.17125,18.154167,3461, 47Del Cnc,3.94,1.08
130.566667,-48.099167,3462,HR3462,5.51,-0.18
131.1875,10.081667,3465, 49    Cnc,5.66,-0.11
130.57875,-53.1,3466,HR3466,5.52,-0.15
130.60625,-53.113889,3467,HR3467,4.86,-0.17
130.897917,-33.186389,3468,   Alp Pyx,3.68,-0.18
131.674167,28.76,3475, 48Iot Cnc,4.02,1.01
130.917917,-49.822778,3476,HR3476,5.16,-0.2
131.1,-42.649167,3477,HR3477,4.07,0.87
131.510417,-2.048889,3478,HR3478,5.7,1.1
131.21625,-37.147222,3479,HR3479,5.76,-0.15
131.733333,12.11,3481, 50    Cnc,5.87,0.11
131.694167,6.418889,3482, 11Eps Hya,3.38,0.68
131.59375,-13.547778,3484, 12    Hya,4.32,0.9
131.175833,-54.708333,3485,   Del Vel,1.96,0.04
131.8125,-1.897222,3486,HR3486,5.29,0.04
131.507083,-46.041667,3487,HR3487,3.91,0.0
132.108333,5.837778,3492, 13Rho Hya,4.36,-0.04
131.6275,-45.912778,3494,HR3494,5.46,0.27
131.82875,-46.155556,3496,HR3496,5.75,0.56
131.677083,-56.769722,3498,HR3498,4.49,-0.17
132.340417,-3.443056,3500, 14    Hya,5.31,-0.09
130.33125,-78.963333,3502,   Eta Cha,5.47,-0.1
133.344167,61.962222,3505,  5    UMa,5.73,0.28
132.986667,43.726667,3508, 35    Lyn,5.15,0.98
133.048333,45.3125,3509,HR3509,5.99,1.26
133.041667,42.0025,3511,HR3511,5.99,1.25
132.464583,-32.780556,3512,HR3512,5.21,0.87
132.509167,-29.463056,3513,HR3513,5.87,0.95
132.413333,-40.320556,3514,HR3514,5.48,0.06
132.632917,-27.71,3518,   Gam Pyx,4.01,1.27
133.144167,32.474167,3519, 51Sig1Cnc,5.66,0.22
132.44875,-45.308056,3520,HR3520,4.93,0.05
133.149167,28.330833,3522, 55Rho1Cnc,5.95,0.87
132.89375,-7.177222,3523, 15    Hya,5.54,0.15
132.5875,-42.09,3525,HR3525,6.0,-0.1
132.639583,-46.529167,3527,HR3527,5.1,-0.21
134.15625,64.603889,3531,  6    UMa,5.58,0.86
133.56125,30.579444,3532, 57    Cnc,5.39,1.05
133.2,-38.724167,3535,HR3535,5.82,1.5
132.9025,-57.633611,3536,HR3536,5.59,-0.11
132.645,-66.793056,3537,HR3537,5.35,0.42
133.574583,-5.434444,3538,HR3538,6.0,0.67
133.160833,-48.359167,3539,HR3539,5.91,-0.15
133.915417,27.9275,3540, 58Rho2Cnc,5.22,1.0
131.48,-79.504444,3543,HR3543,5.79,1.6
134.208333,45.631944,3545,HR3545,5.74,1.09
134.127083,40.201667,3546,HR3546,5.89,0.35
133.848333,5.945556,3547, 16Zet Hya,3.11,1.0
133.981667,11.626111,3550, 60    Cnc,5.41,1.46
133.46125,-47.520833,3551,HR3551,5.33,0.26
133.801667,-18.241389,3554,HR3554,5.75,1.32
134.235833,32.910278,3555, 59Sig2Cnc,5.45,0.12
133.88125,-27.681944,3556,   Del Pyx,4.89,0.11
133.452917,-60.354167,3560,HR3560,5.78,-0.08
134.312083,15.322778,3561, 62Omi1Cnc,5.2,0.15
134.142083,-16.709444,3564,HR3564,5.96,1.54
134.396667,15.581389,3565, 63Omi2Cnc,5.67,0.2
134.801667,48.041667,3569,  9Iot UMa,3.14,0.19
133.799583,-54.965556,3570,HR3570,5.71,0.48
133.761667,-60.644722,3571,HR3571,3.84,-0.1
134.621667,11.857778,3572, 65Alp Cnc,4.25,0.14
134.080833,-52.723611,3574,HR3574,4.69,-0.12
134.885833,32.418611,3575, 64Sig3Cnc,5.2,0.93
135.63625,67.629722,3576,  8Rho UMa,4.76,1.53
134.682917,-16.132778,3578,HR3578,5.86,0.53
135.16,41.782778,3579,HR3579,3.97,0.44
134.243333,-59.229444,3582,HR3582,4.92,-0.19
134.4825,-48.573333,3583,HR3583,5.87,1.07
135.350417,32.2525,3587, 66    Cnc,5.82,0.0
134.717917,-47.234722,3588,HR3588,5.18,0.25
135.0225,-41.253889,3591,HR3591,4.45,0.65
136.001667,54.283889,3592,HR3592,5.75,0.02
135.90625,47.156667,3594, 12Kap UMa,3.6,0.0
135.684583,24.452778,3595, 69Nu  Cnc,5.45,-0.04
135.491667,-0.482778,3596,HR3596,5.67,1.15
134.850417,-59.083611,3598,HR3598,5.16,0.42
135.686667,7.298056,3599,HR3599,5.85,1.11
135.336667,-41.864444,3600,HR3600,5.55,-0.14
136.350417,48.530278,3603,HR3603,5.95,0.45
135.190417,-60.963889,3604,HR3604,5.79,1.21
135.435833,-52.188333,3605,HR3605,5.23,-0.12
137.098333,66.873333,3609, 11Sig1UMa,5.14,1.51
135.285417,-68.683889,3610,HR3610,5.88,1.63
136.6325,38.452222,3612,HR3612,4.56,1.04
136.493333,5.092222,3613, 18Ome Hya,4.97,1.22
136.03875,-47.097778,3614,HR3614,3.75,1.2
135.611667,-66.396111,3615,   Alp Vol,4.0,0.14
137.596667,67.134722,3616, 13Sig2UMa,4.8,0.49
137.217917,51.604722,3619, 15    UMa,4.48,0.27
137.000417,29.654167,3621, 72Tau Cnc,5.43,0.89
136.936667,10.668056,3623, 76Kap Cnc,5.24,-0.11
137.729583,63.513611,3624, 14Tau UMa,4.67,0.35
137.212917,33.882222,3625,HR3625,5.93,0.6
137.197083,26.629167,3626, 75    Cnc,5.98,0.66
137.339583,22.045556,3627, 77Xi  Cnc,5.14,0.97
137.012083,-25.858333,3628,   Kap Pyx,4.58,1.59
137.175833,-8.589444,3630, 19    Hya,5.6,-0.06
136.999167,-43.4325,3634,   Lam Vel,2.21,1.66
137.297917,-12.357778,3636,HR3636,5.77,0.94
137.267917,-18.328611,3638,HR3638,5.73,0.0
137.66125,30.963056,3639,HR3639,5.95,1.67
137.397917,-8.787778,3641, 20    Hya,5.46,1.01
136.409583,-70.538889,3642,HR3642,4.71,-0.15
136.286667,-72.602778,3643,HR3643,4.48,0.61
137.485,-30.365278,3644,   Eps Pyx,5.59,0.19
138.969167,72.946111,3645,HR3645,5.96,0.18
138.585833,61.423333,3648, 16    UMa,5.13,0.58
138.450833,43.217778,3652, 36    Lyn,5.32,-0.14
137.994583,-19.747778,3653,HR3653,5.73,0.98
137.768333,-44.868056,3654,HR3654,5.0,0.23
137.920833,-39.258889,3656,HR3656,6.0,-0.11
137.888333,-46.583889,3658,HR3658,5.79,-0.21
137.741667,-58.966944,3659,HR3659,3.44,-0.19
138.957917,56.741389,3660, 17    UMa,5.27,1.56
138.1275,-43.613611,3661,HR3661,5.57,-0.11
139.047083,54.021944,3662, 18    UMa,4.83,0.19
137.819167,-62.317222,3663,HR3663,3.97,-0.18
138.809583,34.633611,3664,HR3664,5.97,0.86
138.59125,2.314167,3665, 22The Hya,3.88,-0.06
138.8075,14.941389,3669, 82Pi 2Cnc,5.34,1.32
138.39375,-47.338611,3670,HR3670,5.92,-0.05
138.534167,-44.145833,3672,HR3672,5.85,-0.12
138.231667,-59.414444,3673,HR3673,5.54,0.85
138.602083,-43.2275,3674,HR3674,5.25,-0.14
139.38,46.817222,3676,HR3676,5.97,0.04
138.738333,-37.6025,3677,HR3677,5.86,0.83
134.17125,-85.663056,3678,   Zet Oct,5.42,0.31
138.575,-55.569722,3679,HR3679,5.27,0.99
139.17375,-6.353056,3681, 23    Hya,5.24,1.17
138.902917,-38.57,3682,HR3682,4.94,1.11
139.172083,-8.744722,3683, 24    Hya,5.47,-0.09
138.937917,-37.413333,3684,HR3684,4.62,0.45
138.3,-69.717222,3685,   Bet Car,1.68,0.0
139.608333,35.364167,3686,HR3686,5.75,
139.28125,-14.573611,3687,HR3687,5.84,1.06
139.71125,36.8025,3690, 38    Lyn,3.82,0.06
139.09625,-44.265833,3692,HR3692,5.12,1.67
139.238333,-39.401389,3694,HR3694,5.33,1.17
139.050833,-57.541389,3696,HR3696,4.34,1.63
140.430417,56.699167,3698,HR3698,5.47,1.61
139.2725,-59.275278,3699,   Iot Car,2.25,0.18
139.524167,-51.051111,3703,HR3703,5.26,-0.07
139.888333,-15.834444,3704,HR3704,5.78,1.29
140.26375,34.3925,3705, 40Alp Lyn,3.13,1.55
139.943333,-11.975,3706, 26    Hya,4.79,0.93
139.675833,-51.560556,3708,HR3708,5.87,0.54
140.120833,-9.555833,3709, 27    Hya,4.8,0.93
139.321667,-68.689444,3712,HR3712,5.39,0.42
140.373333,-25.965556,3718,   The Pyx,4.72,1.63
139.355833,-74.894444,3720,HR3720,5.29,0.02
139.364167,-74.734722,3721,HR3721,5.86,-0.02
140.462083,-42.195,3726,HR3726,5.58,1.63
140.236667,-62.404722,3728,HR3728,4.81,0.94
140.6,-46.0475,3730,HR3730,5.75,0.92
141.16375,26.182222,3731,  1Kap Leo,4.46,1.23
140.458333,-55.515,3732,HR3732,5.63,0.19
140.80125,-28.833889,3733,   Lam Pyx,4.69,0.92
140.528333,-55.010833,3734,   Kap Vel,2.5,-0.18
141.35,-5.1175,3738, 28    Hya,5.59,1.52
141.02375,-61.648889,3742,HR3742,5.99,1.06
142.166667,45.601389,3743,HR3743,5.41,0.98
141.896667,-8.658611,3748, 30Alp Hya,1.98,1.44
141.826667,-22.343889,3749,HR3749,4.69,1.14
141.945,-6.071111,3750,HR3750,5.38,0.64
144.271667,81.326389,3751,HR3751,4.29,1.48
141.362917,-61.950278,3752,HR3752,5.77,0.15
141.575417,-53.379167,3753,HR3753,5.11,-0.11
142.114583,9.056667,3754,  2Ome Leo,5.41,0.6
142.121667,8.188333,3755,  3    Leo,5.71,1.04
142.882083,63.061944,3757, 23    UMa,3.67,0.33
142.287083,-2.768889,3759, 31Tau1Hya,4.6,0.46
142.3025,-20.748611,3763,HR3763,5.66,1.6
142.68,33.655556,3764,  7    LMi,5.85,1.05
142.31125,-35.951389,3765,   Eps Ant,4.51,1.44
143.723333,72.205556,3768, 22    UMa,5.72,0.48
142.885,35.103056,3769,  8    LMi,5.37,1.53
142.477083,-26.589722,3770,HR3770,5.48,1.36
143.620417,69.830278,3771, 24    UMa,4.56,0.77
142.594167,-15.577222,3772,HR3772,5.85,1.2
142.93,22.968056,3773,  4Lam Leo,4.31,1.54
143.214167,51.677222,3775, 25The UMa,3.17,0.46
142.195833,-62.273056,3776,HR3776,5.92,1.1
141.776667,-71.602222,3777,HR3777,5.47,1.08
142.99,9.715833,3779,  6    Leo,5.07,1.37
142.98625,11.299722,3782,  5Xi  Leo,4.97,1.05
142.1275,-66.701944,3783,HR3783,5.91,0.01
142.521667,-51.517222,3784,HR3784,5.45,-0.1
142.675,-40.466667,3786,   Psi Vel,3.6,0.36
142.995417,-1.185,3787, 32Tau2Hya,4.57,0.1
142.884167,-31.871944,3789,   Zet2Ant,5.93,0.26
142.887083,-35.715,3790,HR3790,5.87,1.29
142.5975,-58.361667,3793,HR3793,5.88,1.7
141.037917,-80.786944,3795,   Iot Cha,5.36,0.45
143.085,-19.400278,3796,HR3796,5.74,0.14
143.70625,52.051389,3799, 26    UMa,4.5,0.01
143.555833,36.3975,3800, 10    LMi,4.55,0.92
143.2325,-13.516944,3802,HR3802,5.94,1.5
142.805417,-57.034444,3803,HR3803,3.13,1.55
143.080417,-40.649444,3807,HR3807,5.35,0.9
143.302083,-21.115833,3808,HR3808,5.01,1.02
143.765833,39.621389,3809,HR3809,4.81,0.99
143.359167,-22.863889,3810,HR3810,5.91,0.02
143.63625,-5.915,3814, 33    Hya,5.56,1.16
143.915,35.810278,3815, 11    LMi,5.41,0.77
143.435417,-49.005,3817,HR3817,5.12,-0.12
143.536667,-51.255278,3819,HR3819,5.01,-0.18
144.17875,31.161667,3820,HR3820,5.56,1.59
142.90125,-73.080833,3821,HR3821,5.47,1.56
144.86625,67.272222,3824,HR3824,5.94,1.52
143.61125,-59.229444,3825,HR3825,4.08,0.01
144.260833,16.437778,3826,  8    Leo,5.69,1.25
144.302917,6.835833,3827, 10    Leo,5.0,1.05
144.590417,40.239722,3829, 42    Lyn,5.25,0.22
144.250833,-25.296667,3830,HR3830,5.7,1.12
144.29125,-32.178611,3833,HR3833,5.63,1.02
144.61375,4.649167,3834,HR3834,4.68,1.32
144.367917,-36.095833,3835,HR3835,5.98,1.12
144.206667,-49.355278,3836,HR3836,4.35,0.17
145.561667,69.2375,3838,HR3838,5.69,1.14
145.738333,72.2525,3839, 27    UMa,5.17,1.04
144.30125,-53.668611,3840,HR3840,5.45,0.15
144.50625,-43.191111,3842,HR3842,5.5,1.0
144.964167,-1.142778,3845, 35Iot Hya,3.91,1.32
145.076667,-14.332222,3849, 38Kap Hya,5.06,-0.15
145.396667,31.278056,3850,HR3850,5.89,1.6
145.50125,39.757778,3851, 43    Lyn,5.62,0.95
145.2875,9.892222,3852, 14Omi Leo,3.52,0.49
144.8375,-61.328056,3856,HR3856,4.52,-0.07
145.320833,-23.591667,3858,HR3858,4.77,-0.12
143.471667,-80.941389,3860,   Zet Cha,5.11,-0.14
145.88875,29.974444,3861, 15    Leo,5.64,0.12
145.56,-23.915556,3862,HR3862,4.94,0.53
145.177083,-57.983611,3863,HR3863,5.32,0.2
145.259167,-57.259722,3864,HR3864,5.8,1.09
145.932917,14.021667,3866, 16Psi Leo,5.35,1.63
145.449167,-55.214167,3868,HR3868,6.0,-0.13
146.632083,57.128056,3870,HR3870,5.2,1.62
146.050417,-27.769444,3871,   The Ant,4.79,0.51
146.462917,23.774167,3873, 17Eps Leo,2.98,0.8
145.925833,-53.891667,3875,HR3875,5.56,-0.04
146.541667,6.708611,3876,HR3876,5.79,1.64
146.597083,11.81,3877, 18    Leo,5.63,1.49
146.598333,1.785556,3879,HR3879,5.65,0.34
147.1475,46.021111,3881,HR3881,5.09,0.62
146.311667,-62.507778,3884,HR3884,3.69,1.22
146.626667,-44.755,3886,HR3886,5.55,-0.18
147.7475,59.038611,3888, 29Ups UMa,3.8,0.29
146.775417,-65.071944,3890,   Ups Car,3.01,0.28
147.367083,-37.186389,3892,HR3892,5.97,1.24
148.026667,54.064444,3894, 30Phi UMa,4.59,0.03
147.487917,-45.732778,3898,HR3898,5.08,-0.1
147.970833,24.395278,3900, 22    Leo,5.32,0.23
146.585833,-76.776111,3902,   Nu  Cha,5.45,0.89
147.869583,-14.846667,3903, 39Ups1Hya,4.12,0.92
147.675,-46.934444,3904,HR3904,5.73,1.08
148.190833,26.006944,3905, 24Mu  Leo,3.88,1.22
148.126667,-8.105,3909,  8Gam Sex,5.05,0.04
147.8325,-46.193889,3910,HR3910,5.62,1.17
147.92,-46.547778,3912,HR3912,4.58,1.2
147.800417,-59.425833,3913,HR3913,5.79,1.36
147.732083,-62.745278,3914,HR3914,5.57,1.32
148.42875,5.958333,3915,HR3915,5.95,1.66
148.929167,49.82,3917, 31    UMa,5.27,0.07
149.595,72.879444,3918,HR3918,5.83,1.14
148.55125,-25.9325,3919,HR3919,4.88,1.23
149.306667,57.418333,3922,HR3922,5.93,0.89
148.7175,-19.009444,3923,HR3923,4.94,1.57
148.459167,-51.146944,3924,HR3924,5.93,-0.15
148.573333,-45.283889,3925,HR3925,5.71,-0.11
149.108333,8.933056,3926,HR3926,5.85,1.13
148.71375,-50.243889,3927,HR3927,5.72,-0.01
149.42125,41.055556,3928, 19    LMi,5.14,0.46
149.147917,-33.418611,3932,HR3932,5.84,1.2
149.555833,12.444722,3937, 27Nu  Leo,5.26,-0.04
149.965417,56.811944,3939,HR3939,5.48,1.46
149.215833,-54.567778,3940,   Phi Vel,3.54,-0.08
149.900833,29.645278,3942,HR3942,5.73,1.06
149.717917,-35.891111,3947,   Eta Ant,5.23,0.31
150.053333,8.044167,3950, 29Pi  Leo,4.7,1.6
150.252917,31.923611,3951, 20    LMi,5.36,0.66
150.70375,21.949167,3952,HR3952,5.66,-0.19
151.15125,53.891667,3954,HR3954,5.74,0.48
150.5,-60.420833,3960,HR3960,5.94,0.26
151.012083,-18.101667,3963,HR3963,5.86,-0.06
151.0875,-24.285556,3965,HR3965,5.7,0.3
151.28125,-13.064722,3970, 40Ups2Hya,4.6,-0.09
151.8575,35.244722,3974, 21    LMi,4.48,0.18
151.833333,16.762778,3975, 30Eta Leo,3.52,-0.03
151.547083,-47.37,3976,HR3976,5.08,0.88
151.789583,-17.141667,3977,HR3977,5.6,1.5
151.97625,9.9975,3980, 31    Leo,4.37,1.45
151.984583,-0.371667,3981, 15Alp Sex,4.49,-0.04
152.092917,11.967222,3982, 32Alp Leo,1.35,-0.11
150.182083,-82.214722,3983,   Mu 1Cha,5.52,0.03
152.53125,-8.408333,3989, 17    Sex,5.91,0.02
152.234583,-51.811111,3990,HR3990,4.86,-0.12
152.524583,-12.816111,3991,HR3991,5.31,0.36
152.803333,37.401944,3993,HR3993,5.85,1.29
152.647083,-12.354167,3994, 41Lam Hya,3.61,1.01
152.1775,-65.815278,3995,HR3995,5.28,0.98
152.7325,-8.418333,3996, 18    Sex,5.65,1.3
152.34125,-61.549167,3999,HR3999,5.6,1.6
152.657917,-41.715,4001,HR4001,5.98,1.24
152.377083,-68.683333,4002,HR4002,5.81,0.02
153.20125,4.614722,4004, 19    Sex,5.77,1.18
152.94375,-58.060556,4009,HR4009,5.72,-0.08
153.44125,-40.345833,4015,HR4015,5.9,1.21
153.345,-51.233333,4017,HR4017,5.28,0.25
153.366667,-51.756111,4020,HR4020,5.78,0.14
153.684167,-42.121944,4023,HR4023,3.85,0.05
154.06,29.310556,4024, 23    LMi,5.35,0.01
153.3775,-66.373056,4025,HR4025,5.16,0.21
154.508333,65.108333,4026, 32    UMa,5.82,0.12
154.134583,23.503056,4030, 35    Leo,5.97,0.67
154.1725,23.417222,4031, 36Zet Leo,3.44,0.31
154.174583,25.371389,4032,HR4032,5.84,1.2
154.274167,42.914444,4033, 33Lam UMa,3.45,0.03
154.169583,13.728333,4035, 37    Leo,5.41,1.61
153.88125,-43.1125,4036,HR4036,5.6,1.52
153.434167,-70.038056,4037,   Ome Car,3.32,-0.08
154.310833,23.106111,4039, 39    Leo,5.82,0.5
154.4075,-8.068889,4042, 22Eps Sex,5.24,0.31
154.861667,48.396944,4046,HR4046,6.0,1.02
155.264167,68.7475,4047,HR4047,5.96,0.2
154.531667,-28.991944,4049,HR4049,5.34,0.24
154.270833,-61.332222,4050,HR4050,3.4,1.54
155.13,54.216944,4052,HR4052,6.0,1.13
154.93375,19.470833,4054, 40    Leo,4.79,0.45
154.82,-12.528056,4055,HR4055,6.0,0.26
154.6175,-41.668333,4056,HR4056,5.96,-0.06
154.992917,19.841667,4057, 41Gam1Leo,2.61,1.15
154.994167,19.840556,4058, 41Gam2Leo,3.8,
154.656667,-56.11,4061,HR4061,5.81,0.48
157.422917,84.252222,4062,HR4062,5.5,
154.903333,-55.029444,4063,HR4063,4.57,1.62
154.77,-64.676389,4065,HR4065,5.67,0.05
155.069583,-47.699167,4066,HR4066,5.65,1.67
155.54375,41.229444,4067,HR4067,5.76,0.54
155.582083,41.499444,4069, 34Mu  UMa,3.05,1.59
156.032917,65.566389,4072,HR4072,4.97,-0.06
155.228333,-56.043056,4074,HR4074,4.5,-0.12
155.77625,33.908056,4075, 27    LMi,5.9,0.14
155.581667,-41.65,4080,HR4080,4.83,1.12
156.035833,33.718611,4081, 28    LMi,5.5,1.18
155.860417,-4.074167,4082, 25    Sex,5.97,-0.1
157.769167,82.558611,4084,HR4084,5.26,0.37
155.872083,-38.01,4086,HR4086,5.33,0.25
156.313333,8.784722,4088, 44    Leo,5.61,1.62
155.742083,-66.901667,4089,HR4089,4.99,-0.13
156.47875,33.796111,4090, 30    LMi,4.74,0.25
156.434583,-7.059722,4092,HR4092,5.57,1.52
156.5225,-16.836389,4094, 42Mu  Hya,3.81,1.48
156.2475,-58.576389,4095,HR4095,5.95,0.32
156.970833,36.707222,4100, 31Bet LMi,4.21,0.9
156.09875,-74.031667,4102,HR4102,4.0,0.35
156.787917,-31.067778,4104,   Alp Ant,4.25,1.45
156.704167,-54.8775,4107,HR4107,5.58,1.56
156.851667,-57.638889,4110,HR4110,4.66,0.51
157.656667,55.980556,4112, 36    UMa,4.84,0.52
157.526667,38.925278,4113, 32    LMi,5.77,0.08
156.969583,-58.739444,4114,HR4114,3.82,0.31
157.369583,-2.739167,4116, 29Del Sex,5.21,-0.06
157.370833,-29.663611,4117,HR4117,5.58,1.42
157.3975,-30.607222,4118,   Del Ant,5.56,-0.04
157.572917,-0.636944,4119, 30Bet Sex,5.09,-0.14
157.219167,-64.172222,4120,HR4120,5.29,1.86
157.749167,-13.588333,4123,HR4123,5.58,-0.04
157.964167,32.379444,4124, 33    LMi,5.9,0.11
158.772917,75.713056,4126,HR4126,4.84,0.96
158.049167,14.137222,4127, 46    Leo,5.46,1.68
158.307917,40.425556,4132,HR4132,4.75,0.23
158.202917,9.306667,4133, 47Rho Leo,3.85,-0.14
157.840833,-53.715556,4134,HR4134,4.89,0.5
157.989583,-45.066667,4135,HR4135,5.74,-0.15
158.37875,34.988611,4137, 34    LMi,5.58,0.02
157.58375,-71.993056,4138,HR4138,4.74,0.04
158.14,-44.618889,4139,HR4139,5.91,0.92
158.005833,-61.685278,4140,HR4140,3.32,-0.09
158.790417,57.082778,4141, 37    UMa,5.16,0.34
157.758333,-73.221667,4142,HR4142,4.93,1.68
158.237083,-47.003333,4143,HR4143,5.02,1.04
158.198333,-58.666944,4144,HR4144,6.0,0.32
158.50375,-23.745278,4145, 44    Hya,5.08,1.6
158.7,6.953611,4146, 48    Leo,5.08,0.94
158.759167,8.650278,4148, 49    Leo,5.67,0.05
158.80375,-39.562778,4153,HR4153,5.38,2.88
159.135,-12.230278,4158,HR4158,5.7,0.52
158.897083,-57.557778,4159,HR4159,4.45,1.62
159.307083,-27.4125,4162,HR4162,4.89,1.62
159.388333,-13.384444,4163,HR4163,4.82,2.68
159.084583,-59.564722,4164,HR4164,5.08,1.18
159.77375,53.668333,4165,HR4165,5.52,1.27
159.68,31.976111,4166, 37    LMi,4.71,0.81
159.325417,-48.225833,4167,HR4167,3.84,0.3
159.781667,37.91,4168, 38    LMi,5.85,0.57
159.361667,-58.733333,4169,HR4169,5.45,0.5
159.645833,-16.876667,4171,   Phi3Hya,4.91,0.92
159.510417,-57.256389,4173,HR4173,5.91,-0.14
158.867083,-78.607778,4174,   Gam Cha,4.11,1.58
160.45125,68.443333,4176,HR4176,5.75,1.3
159.687917,-59.183056,4177,HR4177,4.66,1.48
160.485833,65.716389,4178, 38    UMa,5.12,1.2
159.7475,-58.816944,4179,HR4179,5.92,1.65
159.826667,-55.603333,4180,HR4180,4.28,1.04
160.767083,69.076111,4181,HR4181,5.0,1.38
160.047083,-65.100556,4185,HR4185,5.52,-0.16
160.930417,57.199167,4187, 39    UMa,5.8,-0.02
160.7575,26.325556,4189, 40    LMi,5.51,0.17
160.887083,46.203889,4191,HR4191,5.18,0.33
160.854167,23.188333,4192, 41    LMi,5.08,0.04
160.837083,4.747778,4193, 35    Sex,5.79,1.17
160.68,-32.715833,4194,HR4194,5.64,0.0
161.266667,67.411389,4195,HR4195,6.0,2.39
160.558333,-64.466389,4196,HR4196,4.82,-0.14
160.669167,-59.215833,4198,HR4198,5.38,0.26
160.739167,-64.394444,4199,   The Car,2.76,-0.22
160.88375,-60.566667,4200,HR4200,4.57,1.71
161.46625,30.682222,4203, 42    LMi,5.24,-0.06
160.963333,-64.248889,4204,HR4204,5.77,0.0
161.02875,-63.961111,4205,HR4205,4.82,-0.13
160.46375,-79.783333,4206,HR4206,5.97,-0.07
161.602083,18.891389,4208, 51    Leo,5.49,1.12
161.605417,14.194722,4209, 52    Leo,5.48,0.91
161.716667,-17.296667,4214,HR4214,5.42,0.11
161.6925,-49.42,4216,   Mu  Vel,2.69,0.9
161.56875,-64.515,4219,HR4219,5.34,-0.1
161.62375,-64.263333,4220,HR4220,5.23,-0.07
161.739583,-56.757222,4221,HR4221,5.23,-0.08
161.713333,-64.383333,4222,HR4222,4.85,-0.15
162.169167,-1.958889,4224,HR4224,5.93,1.6
162.059167,-31.688333,4225,HR4225,5.88,0.03
162.314167,10.545278,4227, 53    Leo,5.34,0.03
162.0225,-59.919167,4228,HR4228,6.0,0.27
161.315417,-80.469722,4231,   Del1Cha,5.47,0.95
162.40625,-16.193611,4232,   Nu  Hya,3.11,1.25
162.43125,-9.852778,4233,HR4233,5.86,1.07
161.445,-80.540278,4234,   Del2Cha,4.45,-0.19
162.79625,56.582222,4235, 43    UMa,5.67,1.12
162.84875,59.32,4236, 42    UMa,5.58,1.14
162.575417,-8.897778,4237, 41    Sex,5.79,0.16
162.4875,-34.058056,4238,HR4238,5.61,0.04
162.350417,-59.323611,4239,HR4239,5.91,0.0
162.7725,-3.0925,4240,HR4240,5.95,1.48
163.377917,69.853889,4243,HR4243,5.93,0.99
163.39375,54.585,4246, 44    UMa,5.1,1.36
163.327917,34.215,4247, 46    LMi,3.83,1.04
163.494583,43.19,4248, 45Ome UMa,4.71,-0.05
163.12875,-57.240556,4250,HR4250,5.25,0.16
163.372917,-20.138889,4251,HR4251,5.24,0.47
163.432083,-2.129167,4253,HR4253,5.45,0.96
163.574167,-13.758056,4255,HR4255,5.66,0.83
163.7425,34.034722,4256,HR4256,5.72,1.01
163.373333,-58.853333,4257,HR4257,3.78,0.95
163.935,33.506944,4258, 46    UMa,5.03,1.1
163.903333,24.749722,4259, 54    Leo,4.5,0.01
163.425,-70.720278,4262,HR4262,5.99,-0.02
163.926667,0.736944,4265, 55    Leo,5.91,0.42
163.623333,-61.826667,4266,HR4266,5.93,1.75
164.00625,6.185278,4267, 56    Leo,5.81,1.45
163.821667,-60.516944,4271,HR4271,5.92,1.08
164.179583,-37.137778,4273,   Iot Ant,4.6,1.03
164.282917,-50.765,4274,HR4274,5.91,0.18
164.866667,40.430278,4277, 47    UMa,5.05,0.61
164.886667,36.093056,4278,HR4278,6.0,1.59
165.06125,45.526111,4280,HR4280,5.47,1.47
164.807917,-33.737222,4282,HR4282,5.71,0.37
164.87875,-16.353889,4284,HR4284,5.89,1.63
164.94375,-18.298889,4287,  7Alp Crt,4.08,1.09
165.21,39.212222,4288, 49    UMa,5.08,0.24
165.048333,-14.083333,4289,HR4289,5.88,1.5
165.14,3.6175,4291, 58    Leo,4.84,1.16
164.9975,-43.807222,4292,HR4292,5.81,-0.08
165.03875,-42.225833,4293,HR4293,4.39,0.11
165.186667,6.101389,4294, 59    Leo,4.99,0.16
165.460417,56.3825,4295, 48Bet UMa,2.37,-0.02
165.457083,-2.484722,4299, 61    Leo,4.74,1.62
165.5825,20.179722,4300, 60    Leo,4.42,0.05
165.932083,61.750833,4301, 50Alp UMa,1.79,1.07
165.812083,-11.303611,4305,HR4305,5.5,0.94
165.9025,-0.000833,4306, 62    Leo,5.95,1.22
166.13,38.241389,4309, 51    UMa,6.0,0.16
166.254167,7.336111,4310, 63Chi Leo,4.63,0.33
166.13,-47.679167,4311,HR4311,5.67,0.24
166.225833,-35.804722,4313,HR4313,5.43,0.03
166.332917,-27.293611,4314,   Chi1Hya,4.94,0.36
166.49,-27.287778,4317,   Chi2Hya,5.71,-0.06
166.725833,1.955556,4319, 65    Leo,5.52,0.97
166.635,-62.424167,4325,HR4325,4.61,1.03
166.819167,-42.638611,4327,HR4327,5.15,0.03
166.707917,-70.878056,4329,HR4329,5.57,-0.05
167.204583,24.658333,4332, 67    Leo,5.68,0.06
167.329583,36.309444,4333,HR4333,5.74,1.51
167.182917,-28.080556,4334,HR4334,5.44,0.07
167.415833,44.498611,4335, 52Psi UMa,3.01,1.14
167.410417,43.2075,4336,HR4336,5.89,1.57
167.1475,-58.975,4337,HR4337,3.91,1.23
167.141667,-61.947222,4338,HR4338,5.13,0.22
167.4725,-32.3675,4339,HR4339,5.81,0.04
167.914583,-22.825833,4343, 11Bet Crt,4.48,0.03
168.137917,-49.101111,4350,HR4350,5.36,0.18
168.15,-60.3175,4352,HR4352,4.6,0.55
168.31125,-44.372222,4354,HR4354,5.8,1.66
168.188333,-64.169722,4355,HR4355,5.23,-0.06
168.44,-0.069722,4356, 69    Leo,5.42,-0.03
168.527083,20.523611,4357, 68Del Leo,2.56,0.12
168.5075,8.060556,4358,HR4358,5.79,1.12
168.56,15.429444,4359, 70The Leo,3.34,-0.01
168.41375,-53.231667,4360,HR4360,5.76,1.32
168.378333,-59.619444,4361,HR4361,5.74,-0.1
168.800833,23.095556,4362, 72    Leo,4.63,1.66
168.96625,13.3075,4365, 73    Leo,5.32,1.2
169.174583,49.476389,4367,HR4367,5.88,1.08
169.165417,-3.651667,4368, 74Phi Leo,4.47,0.21
169.3225,2.010556,4371, 75    Leo,5.18,1.52
169.545417,31.529167,4374, 53Xi  UMa,4.87,
169.545833,31.529167,4375, 53Xi  UMa,4.41,0.59
169.619583,33.094167,4377, 54Nu  UMa,3.48,1.4
169.782917,38.185556,4380, 55    UMa,4.78,0.12
169.729167,1.650556,4381, 76    Leo,5.91,1.04
169.835417,-14.778611,4382, 12Del Crt,3.56,1.12
169.81875,-64.5825,4384,HR4384,5.99,0.46
170.284167,6.029444,4386, 77Sig Leo,4.05,-0.06
170.251667,-54.491111,4390,   Pi  Cen,3.89,-0.15
170.706667,43.482778,4392, 56    UMa,4.99,0.99
170.84125,-18.78,4395, 13Lam Crt,5.09,0.42
170.802917,-36.164722,4396,HR4396,5.0,1.46
170.78375,-56.779444,4398,HR4398,5.79,0.01
170.98125,10.529167,4399, 78Iot Leo,3.94,0.41
171.009583,1.407778,4400, 79    Leo,5.39,0.94
170.840833,-64.955,4401,HR4401,5.11,-0.08
171.1525,-10.859444,4402, 14Eps Crt,4.83,1.56
171.245417,11.430278,4404,HR4404,5.8,1.38
171.220417,-17.683889,4405, 15Gam Crt,4.08,0.21
171.04625,-72.256667,4406,HR4406,5.59,0.06
171.487917,55.850556,4407,HR4407,5.75,
171.401667,16.456389,4408, 81    Leo,5.57,0.36
171.3725,-36.063056,4409,HR4409,5.22,0.99
171.387917,-37.747778,4411,HR4411,5.89,1.54
171.43,-63.972778,4413,HR4413,5.17,0.5
171.647083,-61.115278,4415,HR4415,5.3,-0.08
171.789583,-12.356667,4416, 16Kap Crt,5.94,0.49
171.697083,-53.16,4417,HR4417,5.81,0.52
171.984167,2.856111,4418, 84Tau Leo,4.95,1.0
172.269167,61.778333,4421,HR4421,5.83,0.36
172.2675,39.336944,4422, 57    UMa,5.31,0.01
172.14625,-42.674167,4423,HR4423,5.08,-0.03
172.424583,15.413333,4426, 85    Leo,5.74,1.32
172.410833,-24.463333,4428,HR4428,5.76,0.07
172.629583,43.173333,4431, 58    UMa,5.94,0.49
172.57875,-3.003611,4432, 87    Leo,4.77,1.54
172.620833,18.409722,4433, 86    Leo,5.52,1.05
172.850833,69.331111,4434,  1Lam Dra,3.84,1.62
173.086667,61.0825,4439,HR4439,5.48,0.5
172.942083,-59.442222,4441,   Omi1Cen,5.13,1.08
172.953333,-59.515833,4442,   Omi2Cen,5.15,0.49
173.067083,-29.263333,4443,HR4443,5.81,0.53
173.067917,-29.261111,4444,HR4444,5.64,0.53
173.197917,-7.8275,4446,HR4446,5.95,1.38
173.200417,-40.436389,4447,HR4447,5.64,1.58
173.082917,-66.962222,4448,HR4448,5.9,1.13
173.225417,-31.087222,4449,HR4449,5.04,1.58
173.250417,-31.857778,4450,   Xi  Hya,3.54,0.94
173.405417,-40.586944,4453,HR4453,5.39,0.12
173.591667,3.06,4455, 89    Leo,5.77,0.46
173.677083,16.796944,4456, 90    Leo,5.95,-0.16
173.770417,54.785278,4457,HR4457,5.63,1.02
173.622917,-32.831389,4458,HR4458,5.98,0.81
173.690417,-54.264167,4460,HR4460,4.62,-0.08
174.011667,69.322778,4461,  2    Dra,5.2,1.01
173.736667,-49.136667,4462,HR4462,5.5,1.04
173.805,-47.3725,4463,HR4463,5.71,1.66
174.074583,27.781111,4465,HR4465,5.8,0.23
173.981667,-47.641667,4466,HR4466,5.25,0.25
173.945,-63.019722,4467,   Lam Cen,3.13,-0.04
174.170417,-9.802222,4468, 21The Crt,4.7,-0.08
174.145833,-33.57,4469,HR4469,5.74,1.02
174.237083,-0.823889,4471, 91Ups Leo,4.3,1.0
174.092917,-61.052222,4472,HR4472,5.83,-0.09
174.2525,-61.283333,4475,HR4475,5.15,1.12
174.39125,-47.747222,4476,HR4476,5.44,1.24
174.585833,43.625556,4477, 59    UMa,5.59,0.33
174.315,-75.896667,4479,   Pi  Cha,5.65,0.35
174.615,8.134167,4483,  1Ome Vir,5.36,1.57
174.451667,-67.620278,4485,HR4485,5.96,1.02
174.530417,-61.826389,4487,HR4487,5.15,-0.02
174.667083,-13.201944,4488, 24Iot Crt,5.48,0.52
174.8725,-65.397778,4492,HR4492,5.17,0.8
175.053333,-34.744722,4494,   Omi Hya,4.7,-0.07
175.19625,21.352778,4495, 92    Leo,5.26,0.98
175.2625,34.201667,4496, 61    UMa,5.33,0.72
175.1775,-53.968611,4497,HR4497,5.96,1.66
175.223333,-62.09,4499,HR4499,4.94,1.15
175.392917,31.746111,4501, 62    UMa,5.73,0.43
175.3325,-43.095833,4502,HR4502,5.55,
175.433333,-32.499722,4503,HR4503,5.22,1.48
175.618333,66.745,4504,  3    Dra,5.3,1.28
175.863333,-37.190278,4508,HR4508,5.98,1.46
175.88,-62.489444,4511,HR4511,5.03,0.8
176.190833,-18.350833,4514, 27Zet Crt,4.73,0.97
176.32125,8.258333,4515,  2Xi  Vir,4.85,0.18
176.465,6.529444,4517,  3Nu  Vir,4.03,1.51
176.5125,47.779444,4518, 63Chi UMa,3.71,1.18
176.432917,-45.69,4519,HR4519,5.29,-0.12
176.401667,-66.728611,4520,   Lam Mus,3.64,0.16
176.731667,55.628333,4521,HR4521,5.27,1.27
176.628333,-61.178333,4522,HR4522,4.11,0.9
176.629583,-40.500556,4523,HR4523,4.91,0.66
176.829583,-57.696389,4526,HR4526,5.41,1.67
176.99625,20.218889,4527, 93    Leo,4.53,0.55
176.97875,8.245833,4528,  4    Vir,5.32,0.02
177.059583,-66.814722,4530,   Mu  Mus,4.72,1.54
177.16125,14.284167,4531,HR4531,5.88,0.29
177.187917,-26.749722,4532,HR4532,5.11,1.6
177.265,14.571944,4534, 94Bet Leo,2.14,0.09
177.42375,34.931667,4536,HR4536,5.7,0.46
177.42125,-63.788333,4537,HR4537,4.32,-0.15
177.485833,-70.225833,4538,HR4538,4.97,1.4
177.67375,1.764722,4540,  5Bet Vir,3.61,0.55
177.613333,-62.649444,4541,HR4541,5.7,0.26
177.759167,-5.333333,4544,HR4544,5.64,1.06
177.78625,-45.173611,4546,HR4546,4.46,1.3
177.923333,-30.835,4548,HR4548,5.85,0.56
177.963333,-65.206111,4549,HR4549,4.9,-0.11
178.042083,-56.987778,4551,HR4551,5.57,0.07
178.2275,-33.908056,4552,   Bet Hya,4.28,-0.1
178.4575,53.694722,4554, 64Gam UMa,2.44,0.0
178.677083,-25.713889,4558,HR4558,5.3,0.88
178.762917,8.443889,4559,  6    Vir,5.58,0.94
178.749167,-63.278889,4563,HR4563,5.91,0.19
178.91875,15.646667,4564, 95    Leo,5.53,0.11
178.917083,-28.476944,4565,HR4565,5.93,1.5
178.993333,56.598611,4566, 66    UMa,5.84,1.1
179.00375,-17.150833,4567, 30Eta Crt,5.18,-0.02
179.417083,-62.448889,4573,HR4573,5.57,-0.15
179.563333,-56.317222,4576,HR4576,5.44,-0.08
179.69875,-64.339167,4578,HR4578,5.61,0.18
179.823333,33.1675,4581,HR4581,5.96,1.15
179.905417,-78.221944,4583,   Eps Cha,4.91,-0.06
179.987083,3.655278,4585,  7    Vir,5.37,0.0
180.185417,-10.446111,4587,HR4587,5.55,0.77
180.218333,6.614167,4589,  8Pi  Vir,4.66,0.13
180.213333,-19.658889,4590,HR4590,5.26,-0.2
180.414583,36.041944,4593,HR4593,5.59,1.01
180.528333,43.045556,4594, 67    UMa,5.21,0.26
180.657083,-69.192222,4597,HR4597,5.89,-0.08
180.75625,-63.312778,4599,   The1Cru,4.33,0.27
180.915,-42.434167,4600,HR4600,5.15,0.41
181.069167,21.459167,4602,  2    Com,5.87,0.22
181.08,-63.165556,4603,   The2Cru,4.72,-0.08
181.16125,-68.329167,4604,HR4604,5.35,-0.01
181.19375,-76.519167,4605,   Kap Cha,5.04,1.49
181.237917,-60.969167,4607,HR4607,5.96,1.67
181.302083,8.733056,4608,  9Omi Vir,4.12,0.98
181.312917,76.905833,4609,HR4609,5.8,1.01
181.720417,-64.613611,4616,   Eta Cru,4.15,0.34
181.9575,-75.366944,4617,HR4617,5.18,1.3
182.021667,-50.661389,4618,HR4618,4.47,-0.15
182.06125,-48.692778,4620,HR4620,5.34,-0.01
182.089583,-50.7225,4621,   Del Cen,2.6,-0.12
182.103333,-24.728889,4623,  1Alp Crv,4.02,0.32
182.224167,-44.326111,4624,HR4624,5.75,0.24
182.227083,-41.231389,4625,HR4625,5.48,-0.07
182.422083,1.897778,4626, 10    Vir,5.95,1.12
182.514167,5.806944,4629, 11    Vir,5.72,0.35
182.53125,-22.619722,4630,  2Eps Crv,3.0,1.33
182.76625,-23.6025,4635,  3    Crv,5.46,0.06
182.912917,-52.368611,4638,   Rho Cen,3.96,-0.15
182.75,81.71,4639,HR4639,6.0,1.62
182.963333,25.870278,4640,  4    Com,5.66,1.41
183.03875,20.541944,4643,  5    Com,5.57,0.95
183.091667,-62.950833,4644,HR4644,5.92,0.29
183.049583,77.616389,4646,HR4646,5.14,0.33
183.355417,-38.929167,4648,HR4648,5.76,-0.13
183.357917,10.262222,4650, 12    Vir,5.85,0.27
183.510833,-45.723889,4652,HR4652,5.31,1.43
183.748333,-20.844167,4655,HR4655,5.83,1.05
183.78625,-58.748889,4656,   Del Cru,2.8,-0.23
183.785417,70.2,4659,HR4659,5.71,1.19
183.856667,57.0325,4660, 69Del UMa,3.31,0.08
183.951667,-17.541944,4662,  4Gam Crv,2.59,-0.11
184.000833,14.898889,4663,  6    Com,5.1,0.06
184.031667,40.660278,4666,  2    CVn,5.66,1.55
184.085417,23.945278,4667,  7    Com,4.95,0.97
184.125417,33.061389,4668,HR4668,5.0,1.14
184.392083,-67.960833,4671,   Eps Mus,4.11,1.58
184.372917,53.191111,4672,HR4672,5.81,1.3
184.377083,28.937222,4673,HR4673,5.7,0.16
184.58625,-79.312222,4674,   Bet Cha,4.26,-0.12
184.60875,-64.003056,4679,   Zet Cru,4.04,-0.17
184.667917,-0.787222,4681, 13    Vir,5.9,0.17
184.74875,-55.143056,4682,HR4682,5.0,1.59
184.707917,75.160556,4687,HR4687,5.38,-0.02
184.976667,-0.666944,4689, 15Eta Vir,3.89,0.02
184.952917,48.984167,4690,  3    CVn,5.29,1.66
185.044583,-22.175556,4691,HR4691,5.97,0.82
185.082083,26.619444,4693,HR4693,5.54,1.09
185.0875,3.3125,4695, 16    Vir,4.96,1.16
185.140417,-22.215833,4696,  5Zet Crv,5.21,-0.1
185.179167,17.792778,4697, 11    Com,4.74,1.01
185.232083,-13.565556,4699,HR4699,5.14,1.05
185.34,-60.401111,4700,   Eps Cru,3.59,1.42
185.211667,57.863889,4701, 70    UMa,5.55,1.43
185.489583,-56.374722,4702,HR4702,5.92,1.57
185.530417,-67.521944,4703,   Zet2Mus,5.15,0.19
185.549583,-68.3075,4704,   Zet1Mus,5.74,1.04
185.705417,-57.676111,4706,HR4706,5.39,-0.1
185.62625,25.846111,4707, 12    Com,4.81,0.49
185.84,-24.840556,4711,  6    Crv,5.68,1.16
185.8975,-35.412778,4712,HR4712,5.32,-0.08
185.937083,-38.911111,4714,HR4714,5.79,-0.08
186.00625,51.562222,4716,  5    CVn,4.8,0.87
186.077083,26.098611,4717, 13    Com,5.18,0.08
186.29875,-11.610278,4722,HR4722,5.95,0.03
186.340833,-35.186389,4724,HR4724,5.73,-0.06
186.263333,56.7775,4726, 71    UMa,5.81,1.62
186.462083,39.018611,4728,  6    CVn,5.02,0.96
186.62875,-63.1225,4729,HR4729,4.86,-0.12
186.649583,-63.099167,4730,   Alp1Cru,1.33,-0.24
186.652083,-63.099444,4731,   Alp2Cru,1.73,-0.26
186.631667,-51.450833,4732,HR4732,4.82,-0.14
186.600417,27.268333,4733, 14    Com,4.95,0.27
186.715417,-32.83,4735,HR4735,5.55,0.01
186.8525,-63.789167,4736,HR4736,6.0,0.07
186.734583,28.268333,4737, 15Gam Com,4.36,1.13
186.747083,26.825556,4738, 16    Com,5.0,0.08
186.869583,-58.991944,4739,HR4739,5.5,1.45
187.01,-50.230556,4743,   Sig Cen,3.91,-0.19
186.89625,55.712778,4745, 73    UMa,5.7,1.55
187.09375,-39.041389,4748,HR4748,5.44,-0.08
187.227917,25.912778,4752, 17    Com,5.29,-0.05
187.362083,24.108889,4753, 18    Com,5.48,0.43
187.474583,-56.524722,4754,HR4754,5.8,1.56
187.43,20.896111,4756, 20    Com,5.69,0.07
187.46625,-16.515556,4757,  7Del Crv,2.95,-0.05
187.572917,-23.696667,4759,HR4759,5.63,1.67
187.48875,58.405833,4760, 74    UMa,5.35,0.2
187.79125,-57.113333,4763,   Gam Cru,1.63,1.59
187.527917,69.201111,4765,  4    Dra,4.95,1.62
187.7525,24.567222,4766, 21    Com,5.46,0.05
187.917917,-59.423889,4768,HR4768,5.48,0.63
188.041667,-73.001667,4769,HR4769,5.88,1.11
187.9825,-63.506111,4771,HR4771,5.95,0.27
188.116667,-72.133056,4773,   Gam Mus,3.87,-0.15
188.0175,-16.196111,4775,  8Eta Crv,4.31,0.38
188.15,-13.859167,4776,HR4776,5.74,0.4
188.392917,-12.830278,4779,HR4779,5.58,0.86
188.445,-9.451944,4781, 21    Vir,5.48,-0.03
188.412083,33.2475,4783,HR4783,5.42,1.0
188.435417,41.3575,4785,  8Bet CVn,4.26,0.59
188.596667,-23.396667,4786,  9Bet Crv,2.65,0.89
188.370833,69.788333,4787,  5Kap Dra,3.87,-0.13
188.67625,-44.673333,4788,HR4788,5.77,0.7
188.712917,22.629167,4789, 23    Com,4.81,0.0
188.7825,18.376944,4792, 24    Com,5.02,1.15
188.78375,21.881389,4793,HR4793,5.85,1.22
188.939583,-41.021944,4794,HR4794,5.13,0.22
188.683333,70.021944,4795,  6    Dra,4.94,1.31
189.005,-39.87,4796,HR4796,5.8,0.01
189.295833,-69.135556,4798,   Alp Mus,2.69,-0.2
189.1975,-5.831944,4799, 25    Vir,5.87,0.07
189.097083,59.486944,4800,HR4800,5.5,
189.242917,17.089444,4801, 25    Com,5.68,1.41
189.425833,-48.541111,4802,   Tau Cen,3.86,0.05
189.425833,-27.138889,4803,HR4803,5.45,0.32
189.593333,1.854722,4807,HR4807,5.71,1.6
189.685833,-18.250278,4809,HR4809,6.0,0.29
189.764583,-30.422222,4810,HR4810,5.89,1.21
189.811667,-7.995556,4813, 26Chi Vir,4.66,1.23
189.780417,21.0625,4815, 26    Com,5.46,0.96
189.96875,-39.9875,4817,HR4817,4.64,-0.08
190.345833,-46.145556,4818,HR4818,5.84,1.52
190.379167,-48.959722,4819,   Gam Cen,2.17,-0.01
190.3175,-13.015,4822,HR4822,5.98,0.42
190.485833,-59.685833,4823,HR4823,4.93,-0.04
190.415,-1.449444,4825, 29Gam Vir,3.65,0.36
190.415,-1.449444,4826, 29Gam Vir,3.68,
190.47125,10.235556,4828, 30Rho Vir,4.88,0.09
190.487917,6.806667,4829, 31    Vir,5.59,0.0
190.709583,-63.058611,4830,HR4830,5.31,0.27
190.6475,-48.813056,4831,HR4831,4.66,1.09
190.787917,-56.176111,4834,HR4834,6.0,-0.08
190.90875,-1.576944,4837,HR4837,5.93,0.86
191.002083,-28.323889,4839,HR4839,5.48,1.34
191.407917,-60.981111,4842,   Iot Cru,4.69,1.05
191.570417,-68.108056,4844,   Bet Mus,3.05,-0.18
191.247917,39.278889,4845, 10    CVn,5.95,0.55
191.2825,45.440278,4846,HR4846,4.99,2.54
191.404583,7.673333,4847, 32    Vir,5.22,0.33
191.594583,-56.488889,4848,HR4848,4.65,-0.16
191.59375,9.54,4849, 33    Vir,5.67,0.99
191.691667,-33.315556,4850,HR4850,5.86,1.34
191.66125,16.5775,4851, 27    Com,5.12,1.35
191.93,-59.688611,4853,   Bet Cru,1.25,-0.23
191.82875,62.780833,4859,HR4859,5.89,
192.11,-27.5975,4860,HR4860,5.66,0.95
192.437083,-71.986389,4862,HR4862,5.55,1.17
191.893333,66.790278,4863,  7    Dra,5.43,1.56
192.225833,14.1225,4865, 29    Com,5.7,0.02
192.164167,60.32,4867,HR4867,5.85,0.46
192.3225,27.552222,4869, 30    Com,5.78,0.03
193.744167,-85.123333,4870,   Iot Oct,5.46,1.02
192.74125,-52.7875,4872,HR4872,5.73,0.13
192.671667,-33.999444,4874,HR4874,4.91,-0.04
192.544583,37.516944,4875,HR4875,5.89,0.15
192.824167,-60.329722,4876,HR4876,5.72,0.38
192.986667,-39.680833,4879,HR4879,5.98,-0.1
192.924583,27.540556,4883, 31    Com,4.94,0.67
193.26625,-54.9525,4885,HR4885,5.93,1.31
193.340833,-60.328611,4887,HR4887,5.76,0.33
193.27875,-48.943333,4888,HR4888,4.33,1.37
193.359167,-40.178889,4889,HR4889,4.27,0.21
193.454583,-60.376944,4890,   Kap Cru,5.9,0.2
192.2775,83.418056,4892,HR4892,5.85,-0.06
192.306667,83.412778,4893,HR4893,5.28,-0.03
193.324167,21.245,4894, 35    Com,4.9,0.9
193.663333,-59.146667,4897,   Lam Cru,4.62,-0.15
193.648333,-57.177778,4898,   Mu 1Cru,4.03,-0.17
193.653333,-57.168333,4899,   Mu 2Cru,5.17,-0.12
193.577917,-11.648611,4901,HR4901,6.0,0.08
193.588333,-9.538889,4902, 40Psi Vir,4.79,1.6
193.74375,-44.151944,4903,HR4903,5.89,0.64
193.507083,55.959722,4905, 77Eps UMa,1.77,-0.02
193.830833,-42.915833,4906,HR4906,5.47,1.68
194.13125,-72.185278,4907,HR4907,5.93,1.13
193.9875,-56.836111,4908,HR4908,5.32,0.01
193.735417,47.196667,4909,HR4909,5.84,1.55
193.900833,3.3975,4910, 43Del Vir,3.38,1.58
194.268333,-51.198611,4913,HR4913,5.16,-0.06
194.001667,38.314722,4914, 12Alp1CVn,5.6,0.34
194.007083,38.318333,4915, 12Alp2CVn,2.9,-0.12
193.86875,65.438611,4916,  8    Dra,5.24,0.28
194.073333,54.099444,4917,HR4917,5.82,0.19
194.730833,17.409444,4920, 36    Com,4.78,1.56
194.914583,-3.811944,4921, 44    Vir,5.79,0.18
195.5675,-71.548889,4923,   Del Mus,3.62,1.18
195.06875,30.785,4924, 37    Com,4.9,1.17
195.149583,-3.368611,4925, 46    Vir,5.99,1.12
194.979583,66.597222,4928,  9    Dra,5.32,1.29
195.29,17.123056,4929, 38    Com,5.96,0.96
195.1825,56.366389,4931, 78    UMa,4.93,0.36
195.544167,10.959167,4932, 47Eps Vir,2.83,0.94
195.888333,-49.527222,4933,   Xi 1Cen,4.85,0.02
195.445,63.610278,4934,HR4934,6.0,0.41
195.942083,-20.583056,4935,HR4935,5.58,0.56
196.569583,-48.463611,4940,HR4940,4.71,-0.14
196.64625,-41.588611,4941,HR4941,5.59,1.05
196.7275,-49.906111,4942,   Xi 2Cen,4.27,-0.19
196.435417,35.798889,4943, 14    CVn,5.25,-0.08
196.850833,-59.860556,4944,HR4944,5.99,0.48
196.467917,45.268611,4945,HR4945,5.63,1.13
196.588333,21.153333,4946, 39    Com,5.99,0.39
196.594167,22.616111,4949, 40    Com,5.6,1.59
196.909583,-53.459722,4951,HR4951,5.71,-0.07
197.029167,-65.306389,4952,   The Mus,5.51,-0.02
196.794583,27.624722,4954, 41    Com,4.8,1.48
196.974167,-10.740278,4955, 49    Vir,5.19,1.14
197.135417,-8.984444,4957,HR4957,5.55,1.18
197.26375,-23.118056,4958, 45Psi Hya,4.95,1.05
197.301667,10.022222,4960,HR4960,5.78,1.0
197.43875,-10.329444,4961, 50    Vir,5.94,1.49
197.449167,16.848611,4962,HR4962,5.91,1.45
197.4875,-5.538889,4963, 51The Vir,4.38,-0.01
197.965,-69.941944,4966,HR4966,5.91,0.42
197.497083,17.529444,4968, 42Alp Com,5.22,0.45
197.497083,17.529444,4969, 42Alp Com,5.22,
197.786667,-42.233056,4970,HR4970,5.79,0.52
197.513333,38.498889,4971, 17    CVn,5.91,0.29
197.846667,-43.368889,4973,HR4973,5.25,1.05
198.0725,-59.920833,4975,HR4975,4.6,-0.08
198.571667,-78.447222,4976,HR4976,5.85,1.07
198.20375,-66.226944,4977,HR4977,5.9,0.06
198.013333,-37.803056,4979,HR4979,4.85,0.7
198.014583,-16.198611,4981, 53    Vir,5.04,0.46
197.968333,27.878056,4983, 43Bet Com,4.26,0.57
198.347917,-50.7,4985,HR4985,5.89,-0.02
198.137083,11.556111,4986,HR4986,5.77,1.51
198.550417,-58.683889,4988,HR4988,5.89,1.08
198.561667,-59.103333,4989,HR4989,4.92,0.48
198.812083,-67.894444,4993,   Eta Mus,4.8,-0.08
198.545417,-19.930833,4995, 55    Vir,5.33,0.87
198.679583,-48.956667,4996,HR4996,5.89,1.06
198.429167,40.152778,4997,HR4997,4.92,1.06
198.630417,11.331667,4998,HR4998,5.67,1.5
198.995,-19.943056,5001, 57    Vir,5.22,1.03
199.304167,-66.783611,5002,HR5002,4.87,1.5
198.883333,40.855278,5004, 19    CVn,5.79,0.19
199.22125,-31.506111,5006,HR5006,5.1,0.96
199.307917,-43.979444,5008,HR5008,5.84,0.2
199.19375,9.424167,5011, 59    Vir,5.22,0.59
199.315,13.675556,5013,HR5013,5.33,1.31
199.40125,5.469722,5015, 60Sig Vir,4.8,1.67
199.385417,40.5725,5017, 20    CVn,4.73,0.3
199.60125,-18.311389,5019, 61    Vir,4.74,0.71
199.730417,-23.171667,5020, 46Gam Hya,3.0,0.92
199.615833,34.098056,5022,HR5022,5.82,1.35
199.560417,49.681944,5023, 21    CVn,5.15,-0.07
200.1575,-52.748056,5026,HR5026,5.48,-0.13
200.149167,-36.712222,5028,   Iot Cen,2.75,0.04
200.240417,-46.880556,5029,HR5029,5.77,1.12
200.079167,40.150556,5032, 23    CVn,5.6,1.2
200.657917,-60.988333,5035,HR5035,4.53,-0.13
200.5675,-52.183056,5036,HR5036,5.83,0.12
200.423333,2.087222,5037,HR5037,5.69,0.06
200.540417,5.154722,5040, 64    Vir,5.87,0.12
201.002083,-64.535833,5041,HR5041,4.53,0.85
201.279583,-74.887778,5042,   Iot1Mus,5.05,1.11
200.754583,-17.735278,5044, 63    Vir,5.37,0.99
200.82875,-4.924444,5047, 65    Vir,5.89,1.43
201.307917,-64.485278,5048,HR5048,5.31,0.4
201.45875,-70.6275,5049,HR5049,5.67,-0.03
201.138333,-5.163889,5050, 66    Vir,5.75,0.42
200.98125,54.925278,5054, 79Zet UMa,2.27,0.02
200.985,54.921667,5055, 79Zet UMa,3.95,0.13
201.298333,-11.161389,5056, 67Alp Vir,0.98,-0.23
201.277917,23.854444,5057,HR5057,5.78,0.06
201.5325,-39.755278,5058,HR5058,5.09,1.2
201.5475,-1.1925,5059,HR5059,5.97,0.19
201.73375,-41.498056,5060,HR5060,5.69,1.47
201.30625,54.988056,5062, 80    UMa,4.01,0.16
201.68,-12.707778,5064, 68    Vir,5.25,1.52
201.569167,46.028056,5067,HR5067,5.88,0.97
201.863333,-15.973611,5068, 69    Vir,4.76,1.09
202.355,-51.165278,5071,HR5071,5.06,0.07
202.1075,13.778889,5072, 70    Vir,4.98,0.71
201.53375,72.391389,5073,HR5073,5.79,1.63
202.428333,-23.281389,5080,HR5080,4.97,1.6
202.304167,10.818333,5081, 71    Vir,5.65,1.05
205.23125,-85.786111,5084,   Kap Oct,5.58,0.18
202.112917,59.945833,5085,HR5085,5.4,-0.01
202.76125,-39.4075,5089,HR5089,3.88,1.17
201.73625,78.643889,5091,HR5091,5.77,0.77
202.99125,-6.255833,5095, 74    Vir,4.69,1.62
203.149583,-28.692778,5097,HR5097,5.69,0.04
203.215417,-15.363056,5099, 75    Vir,5.55,1.23
203.242083,-10.165,5100, 76    Vir,5.21,0.96
203.532917,3.658889,5105, 78    Vir,4.94,0.03
203.66875,-13.214444,5106,HR5106,5.91,0.02
203.673333,-0.595833,5107, 79Zet Vir,3.37,0.11
203.530417,55.348611,5109, 81    UMa,5.6,-0.03
203.699167,37.1825,5110,HR5110,4.98,0.4
203.880417,-5.396111,5111, 80    Vir,5.73,0.95
203.61375,49.016111,5112, 24    CVn,4.7,0.12
204.300833,-61.691944,5113,HR5113,5.63,0.5
204.275,-44.143333,5118,HR5118,5.98,0.94
204.201667,-26.495,5120,HR5120,5.78,0.22
204.34875,-46.428333,5121,HR5121,5.9,-0.12
204.24625,24.613333,5123,HR5123,5.74,1.55
204.365,36.295,5127, 25    CVn,4.82,0.23
204.675,-29.560833,5128,HR5128,5.83,0.4
205.045417,-64.576944,5130,HR5130,5.79,0.39
204.971667,-53.466389,5132,   Eps Cen,2.3,-0.22
204.99875,-49.950278,5134,HR5134,6.0,1.5
204.9525,-40.051944,5136,HR5136,5.6,1.3
204.894167,10.746111,5138,HR5138,5.57,0.33
204.295833,71.242222,5139,HR5139,5.5,1.2
205.504583,-58.787222,5140,HR5140,5.38,-0.03
205.43625,-54.56,5141,HR5141,5.01,-0.05
204.876667,52.921389,5142, 82    UMa,5.46,0.1
205.16875,19.955556,5144,  1    Boo,5.75,0.01
205.259583,22.495833,5149,  2    Boo,5.62,1.01
205.403333,-8.703056,5150, 82    Vir,5.01,1.63
205.73375,-56.768056,5151,HR5151,6.0,-0.08
205.184583,54.681667,5154, 83    UMa,4.66,1.64
205.729167,-41.401111,5155,HR5155,5.98,1.02
205.916667,-42.0675,5157,HR5157,5.98,-0.08
205.765417,3.538056,5159, 84    Vir,5.36,1.11
205.680833,34.988889,5161,HR5161,5.98,0.85
205.374583,64.8225,5162,HR5162,5.85,0.07
206.124167,-16.179167,5165, 83    Vir,5.6,0.81
206.40375,-26.116111,5167,HR5167,5.81,0.02
206.421667,-33.043889,5168,  1    Cen,4.23,0.38
206.66375,-51.432778,5172,HR5172,4.65,0.96
206.484583,-12.426667,5173, 86    Vir,5.51,0.9
206.735,-36.251944,5174,HR5174,5.15,-0.02
206.865,-50.249444,5175,HR5175,5.91,0.29
206.91,-50.321111,5176,HR5176,5.45,1.36
206.55625,41.088611,5179,HR5179,5.87,0.21
206.579167,38.503889,5180,HR5180,5.94,0.94
206.855833,-17.86,5181, 87    Vir,5.43,1.62
206.680417,25.702222,5182,  3    Boo,5.95,0.49
205.66375,78.064444,5184,HR5184,5.91,1.01
206.815417,17.456667,5185,  4Tau Boo,4.5,0.48
206.749167,38.542778,5186,HR5186,5.5,1.03
206.64875,54.432778,5187, 84    UMa,5.7,-0.08
208.91125,-82.666111,5188,HR5188,5.95,1.46
207.37625,-41.687778,5190,   Nu  Cen,3.41,-0.22
206.885,49.313333,5191, 85Eta UMa,1.86,-0.19
207.36125,-34.450833,5192,  2    Cen,4.19,1.5
207.404167,-42.473889,5193,   Mu  Cen,3.04,-0.17
207.9475,-69.401389,5194,HR5194,5.75,1.73
207.16125,31.190278,5195,HR5195,5.62,1.01
207.467917,-18.134167,5196, 89    Vir,4.97,1.06
207.369167,15.797778,5200,  5Ups Boo,4.07,1.52
207.428333,21.264167,5201,  6    Boo,4.91,1.43
205.59625,82.7525,5203,HR5203,5.98,1.01
207.946667,-46.899167,5206,HR5206,5.77,-0.16
208.02,-52.811667,5207,HR5207,5.25,-0.09
207.956667,-32.994444,5210,  3    Cen,4.56,-0.13
207.439583,61.489167,5213,HR5213,5.96,0.96
207.788333,34.664444,5215,HR5215,5.87,1.62
208.429583,-53.373611,5217,HR5217,5.89,0.01
208.70375,-67.6525,5218,HR5218,5.71,1.49
207.947917,34.444167,5219,HR5219,4.74,1.66
208.302083,-31.927778,5221,  4    Cen,4.73,-0.14
208.386667,-35.664167,5222,HR5222,5.54,0.44
208.30375,17.932778,5225,  7    Boo,5.7,0.84
207.857917,64.723333,5226, 10    Dra,4.65,1.58
208.292917,28.648056,5229,HR5229,5.9,0.2
208.800833,-52.161111,5230,HR5230,5.71,-0.08
208.885,-47.288333,5231,   Zet Cen,2.55,-0.22
208.675417,-1.503056,5232, 90    Vir,5.15,1.08
208.67125,18.397778,5235,  8Eta Boo,2.68,0.58
209.1375,-54.704444,5236,HR5236,6.0,0.78
208.4625,53.728611,5238, 86    UMa,5.7,-0.05
209.08125,-46.5925,5239,HR5239,5.83,1.14
209.412083,-63.686667,5241,HR5241,4.71,1.11
209.11625,1.050556,5244, 92    Vir,5.91,0.2
209.1425,27.491944,5247,  9    Boo,5.01,1.42
209.567917,-42.100833,5248,   Phi Cen,3.83,-0.21
209.67,-44.803611,5249,   Ups1Cen,3.87,-0.2
209.629583,-24.972222,5250, 47    Hya,5.15,-0.1
209.822083,-50.37,5251,HR5251,5.91,0.96
210.2175,-66.268611,5253,HR5253,5.97,0.35
209.66625,14.649444,5254,HR5254,6.0,1.44
209.662083,21.696111,5255, 10    Boo,5.76,-0.03
210.000417,-25.010278,5257, 48    Hya,5.77,0.48
210.430833,-45.603611,5260,   Ups2Cen,4.34,0.6
211.3325,-76.796667,5261,   The Aps,5.5,1.55
210.335,8.894722,5262,HR5262,5.99,0.09
210.411667,1.544444,5264, 93Tau Vir,4.26,0.1
210.595,-27.43,5265,HR5265,5.48,1.34
210.859167,-56.213611,5266,HR5266,5.92,1.22
210.955833,-60.373056,5267,   Bet Cen,0.61,-0.23
211.511667,-41.179722,5285,   Chi Cen,4.36,-0.19
211.592917,-26.6825,5287, 49Pi  Hya,3.27,1.12
211.670833,-36.37,5288,  5The Cen,2.06,1.01
211.678333,-9.313333,5290, 95    Vir,5.46,0.34
211.097083,64.375833,5291, 11Alp Dra,3.65,-0.05
212.395833,-51.504722,5296,HR5296,6.0,-0.06
212.478333,-53.439167,5297,HR5297,4.75,0.94
211.9825,43.854444,5299,HR5299,5.27,1.59
212.072083,49.458056,5300, 13    Boo,5.25,1.65
212.710417,-16.301944,5301,HR5301,4.91,1.72
214.5575,-81.007778,5303,   Eta Aps,4.91,0.25
212.599583,25.091667,5304, 12    Boo,4.83,0.54
213.318333,-53.665833,5308,HR5308,5.56,1.44
213.191667,-27.261111,5312, 50    Hya,5.08,1.16
213.065833,2.409444,5313,HR5313,5.01,-0.12
213.224167,-10.273611,5315, 98Kap Vir,4.19,1.33
213.7375,-57.085833,5316,HR5316,5.07,-0.08
213.42,-0.845556,5317,HR5317,5.91,0.47
213.6775,-41.8375,5318,HR5318,5.61,0.93
214.160833,-66.587778,5320,HR5320,5.75,-0.06
212.212083,77.5475,5321,  4    UMi,4.82,1.36
213.521667,12.959444,5323, 14    Boo,5.54,0.54
213.370833,51.790278,5329, 17Kap2Boo,4.54,0.2
213.711667,10.100556,5330, 15    Boo,5.29,1.0
213.850417,-18.200833,5332,HR5332,5.43,-0.03
213.016667,69.4325,5334,HR5334,5.24,1.58
215.594583,-80.108889,5336,   Eps Aps,5.06,-0.1
214.00375,-6.000556,5338, 99Iot Vir,4.08,0.52
216.72875,-83.667778,5339,   Del Oct,4.32,1.31
213.915417,19.1825,5340, 16Alp Boo,-0.04,1.23
214.0175,18.911944,5343,HR5343,5.98,0.26
214.964583,-61.273056,5349,HR5349,5.23,0.29
214.04125,51.367222,5350, 21Iot Boo,4.75,0.2
214.095833,46.088333,5351, 19Lam Boo,4.18,0.08
214.368333,15.263333,5352,HR5352,5.8,1.71
214.850833,-46.057778,5354,   Iot Lup,3.55,-0.18
214.659583,-18.716111,5355,HR5355,5.9,0.0
214.753333,-25.815556,5356,HR5356,5.87,0.5
214.849583,-37.003611,5357,HR5357,5.94,0.08
215.08125,-56.386667,5358,HR5358,4.33,0.12
214.7775,-13.371111,5359,100Lam Vir,4.52,0.13
214.499167,35.509444,5361,HR5361,4.81,1.06
215.040417,-43.058889,5362,HR5362,5.56,0.92
215.177083,-45.187222,5364,HR5364,4.77,0.31
214.817917,13.004167,5365, 18    Boo,5.41,0.38
214.885417,-2.265556,5366,102Ups Vir,5.14,1.02
215.139167,-37.885278,5367,   Psi Cen,4.05,-0.03
214.938333,16.306944,5370, 20    Boo,4.86,1.23
215.654167,-58.459444,5371,HR5371,4.92,0.86
215.582083,-34.786944,5376,HR5376,5.56,-0.09
215.759167,-39.512222,5378,HR5378,4.42,-0.18
216.27625,-68.195278,5379,HR5379,5.61,0.49
215.951667,-53.176667,5380,HR5380,6.0,1.1
215.774167,-27.753889,5381, 51    Hya,4.77,1.31
215.844583,8.446667,5386,HR5386,5.12,-0.02
216.00375,8.243611,5388,HR5388,5.95,0.06
216.2025,-24.806389,5390,HR5390,5.32,0.96
216.779583,-65.821667,5391,HR5391,5.85,1.5
216.047083,5.82,5392,HR5392,5.1,0.12
216.534167,-45.221389,5395,   Tau1Lup,4.56,-0.15
216.545,-45.379444,5396,   Tau2Lup,4.35,0.43
216.800833,-46.134444,5401,HR5401,5.83,0.31
216.299167,51.850833,5404, 23The Boo,4.05,0.5
216.614167,19.226944,5405, 22    Boo,5.39,0.23
217.043333,-29.491667,5407, 52    Hya,4.97,-0.07
217.81875,-67.717222,5408,HR5408,5.83,1.0
217.050417,-2.228056,5409,105Phi Vir,4.81,0.7
217.17375,-6.900556,5410,106    Vir,5.42,1.49
217.535833,-45.321667,5412,HR5412,5.5,-0.08
217.587083,-49.519167,5413,HR5413,5.37,0.05
217.460417,0.828889,5418,HR5418,5.94,0.16
217.795,-38.869722,5419,HR5419,5.97,1.06
217.1575,49.844722,5420, 24    Boo,5.59,0.85
218.15375,-50.456944,5425,   Sig Lup,4.42,-0.19
218.385,-54.998333,5426,HR5426,5.87,0.48
218.374583,-52.68,5427,HR5427,5.87,1.09
217.9575,30.371389,5429, 25Rho Boo,3.58,1.3
216.88125,75.696111,5430,  5    UMi,4.25,1.44
218.135417,22.26,5434, 26    Boo,5.92,0.35
218.019583,38.308333,5435, 27Gam Boo,3.03,0.19
218.88125,-41.517222,5439,HR5439,5.87,-0.08
218.876667,-42.157778,5440,   Eta Cen,2.31,-0.19
218.12875,55.397778,5442,HR5442,5.76,1.5
219.079167,-46.245278,5444,HR5444,5.55,1.48
218.67,29.745,5447, 28Sig Boo,4.46,0.36
219.184167,-40.211667,5449,HR5449,5.74,-0.12
219.33375,-46.133889,5450,HR5450,5.41,1.01
218.665,49.368333,5452,HR5452,5.74,1.56
219.471667,-49.425833,5453,   Rho Lup,4.05,-0.15
219.899583,-60.835278,5459,   Alp1Cen,-0.01,0.71
219.900417,-60.835556,5460,   Alp2Cen,1.33,0.88
219.558333,18.298333,5462,HR5462,5.91,1.1
220.626667,-64.975278,5463,   Alp Cir,3.19,0.24
219.552083,43.641944,5464,HR5464,5.7,1.48
220.255833,-36.135,5466,HR5466,5.67,-0.08
219.563333,54.023333,5467,HR5467,5.85,-0.01
219.709167,44.404444,5468, 33    Boo,5.39,0.0
220.4825,-47.388333,5469,   Alp Lup,2.3,-0.2
221.965,-79.044722,5470,   Alp Aps,3.83,1.43
220.49,-37.793611,5471,HR5471,4.0,-0.17
220.176667,13.534167,5473,HR5473,5.91,0.21
220.181667,16.418333,5475, 29Pi 1Boo,4.94,-0.03
220.182917,16.417778,5476, 29Pi 2Boo,5.88,0.24
220.287083,13.728333,5477, 30Zet Boo,4.83,
220.287083,13.728333,5478, 30Zet Boo,4.43,0.05
220.411667,8.161667,5480, 31    Boo,4.86,1.0
220.43125,11.660556,5481, 32    Boo,5.56,0.94
221.322083,-62.875833,5482,HR5482,5.36,0.29
220.806667,-24.9975,5484,  4    Lib,5.73,-0.01
220.914167,-35.173611,5485,HR5485,4.05,1.35
220.765,-5.658333,5487,107Mu  Vir,3.88,0.38
221.246667,-35.191944,5489,HR5489,4.92,0.01
220.855833,26.527778,5490, 34    Boo,4.81,1.66
220.935,40.459167,5493,HR5493,5.73,1.39
221.62125,-47.441111,5494,HR5494,5.74,0.07
221.755417,-52.383611,5495,HR5495,5.21,0.98
221.500417,-25.443056,5497, 54    Hya,4.94,0.35
221.528333,-23.153056,5499,HR5499,5.81,0.98
222.185,-66.593889,5500,HR5500,5.91,-0.07
221.375833,0.717222,5501,108    Vir,5.69,-0.03
221.310417,16.964444,5502, 35Omi Boo,4.6,0.98
221.246667,27.075,5505, 36Eps Boo,5.12,
221.246667,27.074167,5506, 36Eps Boo,2.7,0.97
221.77125,-38.290833,5508,HR5508,5.94,1.33
221.562083,1.892778,5511,109    Vir,3.72,-0.01
221.525,15.131944,5512,HR5512,5.63,1.57
221.84375,-25.624444,5514, 55    Hya,5.63,
221.936667,-26.0875,5516, 56    Hya,5.24,0.94
221.989583,-26.646389,5517, 57    Hya,5.77,-0.02
223.307083,-73.19,5520,HR5520,5.6,0.82
222.327917,-24.251667,5521,HR5521,5.68,1.3
222.329583,-14.148889,5523,  7Mu  Lib,5.31,0.07
225.461667,-83.227778,5525,   Pi 1Oct,5.65,0.95
222.572083,-27.960278,5526, 58    Hya,4.41,1.4
223.145833,-63.81,5527,HR5527,5.87,0.72
222.91,-43.575556,5528,   Omi Lup,4.32,-0.15
222.671667,-15.997222,5530,  8Alp1Lib,5.15,0.41
222.719583,-16.041667,5531,  9Alp2Lib,2.75,0.15
222.493333,28.615833,5532,HR5532,5.8,0.05
222.327917,46.116111,5533, 38    Boo,5.74,0.48
222.565833,23.911944,5534,HR5534,5.85,0.56
222.754167,-2.299167,5535, 11    Lib,4.94,0.98
222.422083,48.720556,5538, 39    Boo,5.69,0.47
224.470417,-76.662778,5540,HR5540,5.34,1.45
222.623333,37.271944,5541,HR5541,5.48,1.02
223.212917,-37.803333,5543,HR5543,5.03,-0.16
222.847083,19.101111,5544, 37Xi  Boo,4.55,0.76
226.194583,-83.038333,5545,   Pi 2Oct,5.65,1.3
223.894167,-60.114167,5546,HR5546,5.2,1.16
225.049167,-77.160278,5547,HR5547,5.93,1.05
223.58375,-24.642222,5548, 12    Lib,5.3,1.32
223.658333,-33.300556,5549,HR5549,5.82,1.42
224.183333,-62.780833,5551,   The Cir,5.11,0.0
222.86,59.293889,5552,HR5552,5.46,1.36
223.595417,-11.898333,5554, 13Xi 1Lib,5.8,0.97
224.072083,-52.809722,5556,HR5556,5.38,0.13
227.784583,-84.7875,5557,   Ome Oct,5.91,-0.06
223.93625,-33.855833,5558,HR5558,5.32,0.04
224.133333,-47.879167,5559,HR5559,5.64,-0.04
222.67625,74.155556,5563,  7Bet UMi,2.08,1.47
224.192083,-11.409722,5564, 15Xi 2Lib,5.46,1.49
224.055,14.446389,5567,HR5567,5.77,-0.06
224.366667,-21.415556,5568,HR5568,5.74,1.11
224.295833,-4.346389,5570, 16    Lib,4.49,0.32
224.632917,-43.133889,5571,   Bet Lup,2.68,-0.22
224.38875,-0.1675,5573,HR5573,5.53,1.13
224.29875,16.388333,5575,HR5575,5.71,0.94
224.790417,-42.104167,5576,   Kap Cen,3.13,-0.2
224.663333,-27.657222,5577, 59    Hya,5.65,0.24
224.095833,49.628611,5581,HR5581,5.63,0.5
224.723333,-11.144167,5582, 18    Lib,5.87,1.26
224.84625,4.567778,5584,HR5584,5.93,1.6
225.304167,-38.058333,5585,HR5585,5.89,1.24
225.243333,-8.518889,5586, 19Del Lib,4.92,0.0
224.90375,39.265278,5588, 40    Boo,5.64,0.31
224.395833,65.9325,5589,HR5589,4.6,1.59
225.3325,-2.755,5590,HR5590,5.52,1.68
225.526667,-28.060556,5591, 60    Hya,5.85,0.16
226.200833,-64.031667,5593,   Eta Cir,5.17,0.93
225.45375,-0.140556,5594,HR5594,5.71,1.52
225.747083,-32.643333,5595,HR5595,5.44,-0.12
222.585,82.511944,5596,HR5596,5.64,0.68
225.527083,25.008056,5600, 41Ome Boo,4.81,1.5
225.725,2.091389,5601,110    Vir,4.4,1.04
225.486667,40.390556,5602, 42Bet Boo,3.5,0.97
226.0175,-25.281944,5603, 20Sig Lib,3.29,1.7
226.28,-47.051111,5605,   Pi  Lup,4.72,-0.14
226.28,-47.051111,5606,   Pi  Lup,4.82,
226.329583,-41.067222,5607,HR5607,5.15,1.01
225.362917,60.204444,5608,HR5608,5.93,0.09
225.775417,35.205833,5609,HR5609,5.51,1.02
226.11125,26.9475,5616, 43Psi Boo,4.54,1.24
226.857917,-49.088333,5617,HR5617,5.77,0.92
225.9475,47.654444,5618, 44    Boo,4.76,0.65
226.63875,-30.918889,5619,HR5619,5.96,-0.08
227.374583,-67.084167,5621,HR5621,5.76,0.69
226.656667,-16.256944,5622, 21Nu  Lib,5.2,1.58
227.050417,-40.583889,5624,HR5624,5.79,-0.14
227.162917,-42.867778,5625,HR5625,5.85,-0.11
227.210833,-45.279722,5626,   Lam Lup,4.05,-0.18
226.3575,48.151111,5627, 47    Boo,5.57,0.0
226.825417,24.869167,5634, 45    Boo,4.93,0.43
226.569583,54.556389,5635,HR5635,5.25,0.96
227.53125,-38.7925,5636,HR5636,5.98,
227.816667,-55.346111,5637,HR5637,5.54,1.14
227.099167,26.301111,5638, 46    Boo,5.67,1.24
227.147917,25.108611,5640,HR5640,5.81,1.24
227.5775,-26.332778,5641,HR5641,5.76,1.05
228.579583,-70.079444,5644,HR5644,5.81,3.38
227.98375,-48.737778,5646,   Kap1Lup,3.87,-0.05
227.99,-48.743611,5647,   Kap2Lup,5.69,0.14
228.07125,-52.099167,5649,   Zet Lup,3.41,0.92
228.20625,-44.500556,5651,HR5651,4.82,-0.17
228.055417,-19.791667,5652, 24Iot1Lib,4.54,-0.08
228.017917,18.975833,5654,HR5654,5.89,1.53
228.472083,-26.193611,5658,HR5658,5.84,1.14
228.655417,-31.519167,5660,  1    Lup,4.91,0.37
229.151667,-60.903889,5661,HR5661,5.73,-0.08
228.974167,-48.074167,5663,HR5663,5.95,0.21
229.23625,-60.9575,5664,   Del Cir,5.09,-0.06
229.412083,-63.610556,5666,   Eps Cir,4.86,1.25
229.016667,-41.491111,5667,HR5667,5.16,0.58
229.378333,-58.801111,5670,   Bet Cir,4.07,0.09
229.7275,-68.679444,5671,   Gam TrA,2.89,0.0
228.525417,31.788056,5674,HR5674,5.99,1.52
228.7975,4.939444,5675,  3    Ser,5.33,1.09
228.621667,29.164167,5676, 48Chi Boo,5.26,0.03
229.095833,-22.399444,5678,HR5678,5.5,1.38
228.954583,0.372222,5679,  4    Ser,5.63,0.18
229.70375,-60.496389,5680,HR5680,5.46,-0.1
228.875833,33.314722,5681, 49Del Boo,3.47,0.95
229.633333,-47.875,5683,   Mu  Lup,4.27,-0.08
229.251667,-9.383056,5685, 27Bet Lib,2.61,-0.11
229.457917,-30.148889,5686,  2    Lup,4.34,1.1
229.735,-40.788333,5687,HR5687,5.59,-0.1
229.609167,-0.461389,5690,HR5690,5.89,1.51
228.659583,67.346667,5691,HR5691,5.13,0.53
229.602083,20.572778,5692,HR5692,5.7,0.97
229.828333,1.765278,5694,  5    Ser,5.06,0.54
230.342917,-40.6475,5695,   Del Lup,3.22,-0.22
230.534583,-47.927778,5698,   Nu 1Lup,5.0,0.5
230.450833,-48.317778,5699,   Nu 2Lup,5.65,0.65
230.793333,-60.656944,5700,HR5700,5.67,0.48
230.844583,-59.320833,5704,   Gam Cir,4.51,0.19
230.451667,-36.261389,5705,   Phi1Lup,3.56,1.54
230.281667,-5.824722,5707,HR5707,5.54,1.04
230.670417,-44.689444,5708,   Eps Lup,3.37,-0.18
230.035417,29.616111,5709,  1Omi CrB,5.51,1.02
230.258333,0.715278,5710,  6    Ser,5.35,1.19
230.789167,-36.858611,5712,   Phi2Lup,4.54,-0.15
231.56125,-68.309167,5713,HR5713,5.89,1.02
229.274583,71.823889,5714, 11    UMi,5.02,1.37
230.021667,51.958611,5715,HR5715,5.66,0.11
230.4525,32.933889,5718, 50    Boo,5.37,-0.07
231.187083,-39.710278,5719,   Ups Lup,5.37,-0.11
230.9675,-12.369444,5720,HR5720,5.72,1.04
231.049583,-10.322222,5723, 31Eps Lib,4.94,0.44
231.334167,-38.733611,5724,HR5724,4.6,0.0
231.887917,-64.531389,5725,HR5725,5.71,1.64
230.655833,39.581389,5726,HR5726,5.5,1.59
230.80125,30.287778,5727,  2Eta CrB,5.58,0.58
235.82,-84.465278,5729,   Rho Oct,5.57,0.11
232.878333,-73.389444,5730,   Kap1Aps,5.49,-0.12
230.655417,62.047222,5731,HR5731,5.98,-0.03
231.1225,37.377222,5733, 51Mu 1Boo,4.31,0.31
230.182083,71.833889,5735, 13Gam UMi,3.05,0.05
231.825833,-36.767778,5736,HR5736,5.45,-0.15
230.66,63.341389,5737,HR5737,5.79,1.27
231.4475,15.428056,5739,  9Tau1Ser,5.17,1.66
231.5725,34.335833,5741,HR5741,5.46,1.4
232.35125,-46.732778,5742,HR5742,5.24,1.74
232.064167,-16.716389,5743, 32Zet1Lib,5.64,1.55
231.2325,58.966111,5744, 12Iot Dra,3.29,1.16
232.159167,1.842222,5746, 10    Ser,5.17,0.23
231.957083,29.105833,5747,  3Bet CrB,3.68,0.28
232.668333,-16.609444,5750, 34Zet3Lib,5.82,1.06
231.964167,60.670278,5755,HR5755,5.9,1.44
233.152917,-19.670556,5762,HR5762,5.52,0.18
232.7325,40.833056,5763, 52Nu 1Boo,5.02,1.59
233.23,-16.852778,5764, 35Zet4Lib,5.5,-0.14
233.506667,-40.066111,5767,HR5767,5.82,1.68
234.18,-66.316944,5771,   Eps TrA,4.11,1.17
233.24125,-1.186389,5772, 11    Ser,5.51,1.09
232.945833,40.899444,5774, 53Nu 2Boo,5.02,0.07
233.655417,-28.046944,5775, 36    Lib,5.15,1.3
233.785417,-41.166944,5776,   Gam Lup,2.78,-0.2
233.544583,-10.064444,5777, 37    Lib,4.62,1.01
233.2325,31.359167,5778,  4The CrB,4.14,-0.13
233.610833,-9.183333,5780,HR5780,5.17,-0.09
233.971667,-44.958611,5781,HR5781,4.54,-0.18
235.088333,-73.446667,5782,   Kap2Aps,5.65,-0.04
234.050417,-44.396944,5784,HR5784,5.43,1.5
232.732083,64.208611,5785,HR5785,5.79,0.96
235.4775,-76.081944,5786,HR5786,5.95,-0.04
233.881667,-14.789444,5787, 38Gam Lib,3.91,1.01
233.700417,10.5375,5788, 13Del Ser,3.8,0.26
233.700417,10.539167,5789, 13Del Ser,3.8,0.26
233.672083,26.714722,5793,  5Alp CrB,2.23,-0.02
234.25625,-28.135,5794, 39Ups Lib,3.58,1.38
234.513333,-42.5675,5797,   Ome Lup,4.33,1.42
234.70625,-52.372778,5798,HR5798,5.44,0.0
233.8125,39.01,5800,  6Mu  CrB,5.11,1.64
234.123333,10.01,5802, 16    Ser,5.26,0.95
234.985417,-59.908333,5803,HR5803,5.95,0.48
234.122083,16.118889,5804, 18Tau5Ser,5.93,0.29
234.450417,-23.141667,5806,HR5806,5.78,1.1
234.567917,-21.016111,5810,HR5810,5.84,1.08
233.817917,53.921944,5811,HR5811,5.97,1.18
234.664167,-29.777778,5812, 40Tau Lib,3.66,-0.17
234.727083,-19.301944,5814, 41    Lib,5.38,0.86
233.987917,54.630556,5818,HR5818,5.74,
234.941667,-34.411944,5820,  3Psi1Lup,4.67,0.99
234.456667,40.353333,5823, 54Phi Boo,5.24,0.88
235.070417,-23.818056,5824, 42    Lib,4.96,1.33
235.297083,-44.661111,5825,HR5825,4.64,0.4
232.85375,77.349444,5826, 15The UMi,4.96,1.58
234.383333,54.508889,5828,HR5828,5.87,1.07
234.5675,46.797778,5830,HR5830,5.75,0.36
234.8425,36.636667,5833,  7Zet1CrB,6.0,
234.844583,36.635833,5834,  7Zet2CrB,5.07,-0.12
234.642917,50.423333,5835,HR5835,5.84,0.83
235.659583,-37.425,5837,HR5837,5.24,0.98
235.486667,-19.678889,5838, 43Kap Lib,4.74,1.57
235.670833,-34.710556,5839,  4Psi2Lup,4.75,-0.14
235.387917,19.670278,5842, 21Iot Ser,4.52,0.04
235.4475,12.8475,5843, 20Chi Ser,5.33,0.04
234.412917,69.283333,5844,HR5844,5.62,1.35
235.477917,18.463889,5845, 22Tau7Ser,5.81,0.2
236.094167,-41.819444,5846,HR5846,5.94,0.0
236.018333,-15.672778,5848, 44Eta Lib,5.41,0.23
235.685833,26.295556,5849,  8Gam CrB,3.84,0.0
236.0075,2.515,5853, 23Psi Ser,5.88,0.68
236.067083,6.425556,5854, 24Alp Ser,2.65,1.17
235.997083,32.515833,5855,  9Pi  CrB,5.56,1.06
235.71125,52.360833,5857,HR5857,5.51,-0.07
236.347917,5.446944,5859,HR5859,5.58,0.04
236.684167,-34.6825,5860,HR5860,5.61,-0.11
236.523333,-1.804444,5863, 25    Ser,5.4,-0.03
236.547083,15.421944,5867, 28Bet Ser,3.67,0.06
236.610833,7.353056,5868, 27Lam Ser,4.43,0.6
237.52875,-53.209444,5869,HR5869,5.77,-0.08
236.822083,14.115278,5870, 31Ups Ser,5.71,0.09
237.489583,-48.911944,5871,HR5871,5.84,0.07
237.778333,-55.055833,5873,HR5873,5.73,0.06
237.055417,13.788611,5874,HR5874,6.0,1.25
237.236667,-3.818611,5875,HR5875,5.53,0.12
236.645,55.474722,5878,HR5878,5.92,1.39
237.185,18.141667,5879, 35Kap Ser,4.09,1.62
237.143333,28.156667,5880,HR5880,5.85,0.77
237.405,-3.430278,5881, 32Mu  Ser,3.53,-0.04
237.739583,-33.627222,5883,  5Chi Lup,3.95,-0.04
237.744583,-25.751389,5885,  1    Sco,4.64,-0.05
236.666667,62.599444,5886,HR5886,5.19,0.04
236.908333,55.376667,5887,HR5887,5.86,0.25
237.572917,2.196389,5888, 34Ome Ser,5.23,1.02
237.39875,26.068333,5889, 10Del CrB,4.63,0.8
238.873333,-68.603056,5891,   Kap TrA,5.09,1.13
237.704167,4.477778,5892, 37Eps Ser,3.71,0.15
237.67375,15.133611,5894,HR5894,5.2,
237.815,-3.090556,5895, 36    Ser,5.11,0.12
238.785417,-63.430556,5897,   Bet TrA,2.85,0.29
237.81625,20.977778,5899, 38Rho Ser,4.76,1.54
238.884583,-60.177778,5900,HR5900,5.77,0.35
237.807917,35.6575,5901, 11Kap CrB,4.82,1.0
238.33375,-20.167222,5902, 45Lam Lib,5.03,-0.01
236.014583,77.794444,5903, 16Zet UMi,4.32,0.04
238.402917,-25.327222,5904,  2    Sco,4.59,-0.07
239.025,-60.482778,5905,HR5905,5.76,0.06
238.474167,-24.533056,5906,HR5906,5.39,-0.02
238.4825,-23.978056,5907,HR5907,5.42,-0.04
238.45625,-16.729444,5908, 46The Lib,4.15,1.02
238.664583,-25.243611,5912,  3    Sco,5.87,-0.06
238.16875,42.451667,5914,  1Chi Her,4.62,0.56
238.75125,-19.383056,5915, 47    Lib,5.94,-0.01
238.875417,-26.265833,5917,  4    Sco,5.62,0.15
239.742083,-65.037778,5920,HR5920,5.75,-0.06
238.069167,55.826667,5922,HR5922,5.81,0.96
238.644167,20.310833,5924,HR5924,5.44,1.59
239.222917,-33.966389,5925,   Xi 1Lup,5.12,0.12
239.225833,-33.964167,5926,   Xi 2Lup,5.62,0.05
239.22125,-29.214167,5928,  5Rho Sco,3.88,-0.2
239.33875,-36.185,5929,HR5929,5.8,1.01
238.657917,43.138611,5932,  2    Her,5.37,1.65
239.113333,15.661667,5933, 41Gam Ser,3.85,0.48
239.418333,-20.983056,5934,HR5934,5.85,0.02
238.948333,37.946944,5936, 12Lam CrB,5.45,0.33
238.8775,42.566111,5938,  4    Her,5.75,-0.11
239.310833,14.414444,5940,   Phi Ser,5.54,1.14
239.5475,-14.279444,5941, 48    Lib,4.88,-0.1
239.645,-24.831389,5942,HR5942,5.43,-0.09
239.87625,-41.744444,5943,HR5943,4.99,1.0
239.712917,-26.114167,5944,  6Pi  Sco,2.89,-0.19
239.397083,26.877778,5947, 13Eps CrB,4.15,1.23
240.030417,-38.396944,5948,   Eta Lup,3.41,-0.22
240.083333,-22.621667,5953,  7Del Sco,2.32,-0.12
240.081667,-16.533333,5954, 49    Lib,5.47,0.52
241.4825,-72.400833,5955,HR5955,5.7,1.17
239.740417,36.643889,5957,HR5957,5.62,1.49
239.875833,25.920278,5958,HR5958,2.0,0.1
240.198333,-8.411389,5959, 50    Lib,5.55,0.05
239.4475,54.749722,5960,HR5960,4.95,0.26
240.882917,-57.775278,5961,   Iot1Nor,4.63,0.24
240.80375,-49.229722,5962,   Eta Nor,4.65,0.92
240.212917,4.4275,5963,HR5963,5.83,1.0
240.309583,17.818333,5966,  5    Her,5.12,0.99
240.850833,-38.6025,5967,HR5967,4.89,-0.14
240.26125,33.303611,5968, 15Rho CrB,5.41,0.6
240.835833,-25.865278,5969,HR5969,5.0,1.22
240.360833,29.851111,5971, 14Iot CrB,4.99,-0.07
240.57375,22.804444,5972, 44Pi  Ser,4.83,0.07
241.152917,-37.863056,5975,HR5975,5.9,0.4
241.092083,-11.373056,5977,   Xi  Sco,5.07,
241.092083,-11.373056,5978,   Xi  Sco,4.77,0.47
241.6225,-45.173333,5980,   Del Nor,4.72,0.23
240.522917,52.915833,5981,HR5981,5.93,1.48
240.699583,46.036667,5982,  6Ups Her,4.76,-0.11
240.830833,36.631667,5983,HR5983,5.83,0.56
241.359167,-19.805556,5984,  8Bet1Sco,2.62,-0.07
241.360417,-19.801944,5985,  8Bet2Sco,4.92,-0.02
240.472083,58.565278,5986, 13The Dra,4.01,0.52
241.647917,-36.802222,5987,   The Lup,4.23,-0.17
241.52625,-23.606389,5988,HR5988,5.92,-0.08
241.818333,-36.755556,5991,HR5991,5.73,0.29
241.701667,-20.669167,5993,  9Ome1Sco,3.96,-0.04
242.3275,-57.934444,5994,   Iot2Nor,5.57,-0.04
241.85125,-20.868611,5997, 10Ome2Sco,4.32,0.84
242.031667,-26.326667,6001,HR6001,5.38,1.65
241.901667,-12.745556,6002, 11    Sco,5.78,0.01
242.182083,-23.685556,6003,HR6003,5.88,0.02
241.90625,9.891667,6004, 45    Ser,5.63,0.2
242.469167,-33.545833,6007,HR6007,5.54,-0.1
242.01875,17.046944,6008,  7Kap Her,5.0,0.95
242.116667,8.534167,6010, 47    Ser,5.73,1.61
242.245417,3.454444,6011,HR6011,5.91,1.47
242.296667,6.378889,6014,HR6014,5.97,1.0
242.82375,-41.119722,6015,HR6015,5.86,0.27
242.460417,-3.466944,6016,HR6016,5.37,1.45
242.758333,-29.416389,6017,HR6017,5.13,1.12
242.242917,36.490833,6018, 16Tau CrB,4.76,1.01
243.344167,-55.540833,6019,   Zet Nor,5.81,0.34
245.086667,-78.695833,6020,   Del1Aps,4.68,1.69
245.111667,-78.667222,6021,   Del2Aps,5.27,1.41
243.32,-53.671667,6022,HR6022,5.83,1.96
242.1925,44.935,6023, 11Phi Her,4.26,-0.07
243.369583,-54.630556,6024,   Kap Nor,4.94,1.04
241.582083,67.810278,6025,HR6025,5.44,-0.02
242.99875,-19.460556,6027, 14Nu  Sco,4.01,0.04
243.075833,-27.926389,6028, 13    Sco,4.59,-0.16
243.06625,-28.4175,6029, 12    Sco,5.67,0.01
243.859583,-63.685556,6030,   Del TrA,3.85,1.11
243.0,-10.064167,6031, 15Psi Sco,4.94,0.09
243.030417,-8.5475,6033, 16    Sco,5.43,0.12
240.880417,76.793611,6034,HR6034,5.56,
244.272917,-67.941389,6037,HR6037,5.75,0.15
242.908333,23.494722,6039, 10    Her,5.7,1.56
243.957083,-57.912222,6040,HR6040,5.63,0.14
243.592917,-33.011389,6044,HR6044,5.92,1.02
243.81375,-47.372222,6045,   The Nor,5.14,-0.13
242.95,36.425,6046,HR6046,5.63,1.34
243.314167,5.021111,6047,  9    Her,5.48,1.47
243.462083,-11.8375,6048, 17Chi Sco,5.22,1.42
242.948333,42.374444,6050,HR6050,5.87,1.45
244.179583,-53.811111,6055,HR6055,5.44,1.73
243.58625,-3.694444,6056,  1Del Oph,2.74,1.58
244.25375,-50.068333,6058,   Gam1Nor,4.99,0.8
243.905417,-8.369444,6060, 18    Sco,5.5,0.65
243.67,33.858611,6063, 17Sig CrB,5.64,0.51
243.869583,18.808333,6065, 16    Her,5.69,1.12
244.574583,-28.613889,6070,HR6070,4.78,0.02
244.82375,-42.673889,6071,   Lam Nor,5.45,0.1
244.96,-50.155556,6072,   Gam2Nor,4.02,1.08
245.105,-55.14,6073,HR6073,5.77,0.97
244.186667,29.150278,6074, 18Ups CrB,5.78,0.07
244.580417,-4.6925,6075,  2Eps Oph,3.24,0.96
244.88625,-30.906667,6077,HR6077,5.49,0.47
244.751667,-14.8725,6078,HR6078,5.94,1.52
242.70625,75.8775,6079, 19    UMi,5.48,-0.11
245.159167,-24.169444,6081, 19Omi Sco,4.55,0.84
245.616667,-49.572222,6083,HR6083,5.33,-0.04
245.297083,-25.592778,6084, 20Sig Sco,2.89,0.13
245.620417,-43.912222,6085,HR6085,5.88,1.16
244.31375,59.755,6086,HR6086,5.4,1.63
243.639583,73.395,6088,HR6088,5.98,0.08
244.796667,49.038056,6090,HR6090,5.91,1.37
244.979583,39.708611,6091,HR6091,5.46,0.4
244.935,46.313333,6092, 22Tau Her,3.89,-0.15
245.518333,1.029167,6093, 50Sig Ser,4.82,0.34
246.005417,-39.193056,6094,HR6094,5.4,0.62
245.48,19.153056,6095, 20Gam Her,3.75,0.27
247.117083,-70.084444,6098,   Zet TrA,4.91,0.55
246.132083,-37.565833,6100,HR6100,5.42,-0.11
248.3625,-78.897222,6102,   Gam Aps,3.89,0.91
245.524167,30.891944,6103, 19Xi  CrB,4.85,0.97
246.025833,-20.0375,6104,  4Psi Oph,4.5,1.01
246.165417,-29.704722,6106,HR6106,5.84,0.59
245.589167,33.799167,6107, 20Nu 1CrB,5.2,1.6
245.621667,33.703611,6108, 21Nu 2CrB,5.39,1.53
246.98875,-64.058056,6109,   Iot TrA,5.27,0.36
246.045,6.948056,6111, 21    Her,5.85,-0.01
246.396667,-23.447222,6112,  5Rho Oph,5.02,0.24
246.39625,-23.446111,6113,  5Rho Oph,5.92,
247.063333,-58.599722,6114,HR6114,5.69,0.0
246.79625,-47.555,6115,   Eps Nor,4.47,-0.07
244.37625,75.755278,6116, 21Eta UMi,4.95,0.37
246.354167,14.033333,6117, 24Ome Her,4.57,0.0
246.755833,-18.456389,6118,  7Chi Oph,4.42,0.28
247.06125,-37.179444,6122,HR6122,5.79,1.1
246.350833,37.393889,6123, 25    Her,5.54,0.17
247.705833,-61.633611,6125,HR6125,5.2,1.23
245.452917,69.109444,6126,HR6126,5.25,1.12
246.105417,55.205,6127,HR6127,5.74,0.0
246.93125,-7.598056,6128,HR6128,5.23,1.72
246.950417,-8.371667,6129,  3Ups Oph,4.63,0.17
245.945833,61.696667,6130,HR6130,5.67,0.96
247.42625,-46.243333,6131,HR6131,5.35,0.56
245.997917,61.514167,6132, 14Eta Dra,2.74,0.91
247.351667,-26.431944,6134, 21Alp Sco,0.96,1.83
248.580417,-70.988056,6135,HR6135,5.5,1.22
247.141667,0.665,6136,HR6136,5.39,1.46
247.445417,-14.550833,6140,HR6140,5.68,0.82
247.551667,-25.115,6141, 22    Sco,4.79,-0.11
247.92375,-41.816944,6142,HR6142,5.33,0.33
247.845417,-34.704444,6143,HR6143,4.23,-0.16
247.160417,41.881667,6146, 30    Her,5.04,1.52
247.784583,-16.612778,6147,  8Phi Oph,4.28,0.92
247.555,21.489722,6148, 27Bet Her,2.77,0.94
247.728333,1.983889,6149, 10Lam Oph,3.82,0.01
248.936667,-65.495278,6151,   The TrA,5.52,0.93
247.64,20.479167,6152,HR6152,5.25,1.29
248.034167,-21.466389,6153,  9Ome Oph,4.45,0.13
247.805833,22.195278,6154,HR6154,5.76,1.61
248.520833,-44.045278,6155,   Mu  Nor,4.94,0.05
248.14875,5.521111,6158, 28    Her,5.63,-0.06
248.15125,11.488056,6159, 29    Her,4.84,1.49
246.995833,68.768056,6161, 15    Dra,5.0,-0.06
247.947083,45.598333,6162,HR6162,5.65,0.12
250.769167,-77.5175,6163,   Bet Aps,4.24,1.06
249.09375,-42.858889,6164,HR6164,5.47,0.4
248.970833,-28.216111,6165, 23Tau Sco,2.82,-0.25
249.09375,-35.255556,6166,HR6166,4.16,1.57
248.525833,42.436944,6168, 35Sig Her,4.2,-0.01
248.107083,60.823333,6170,HR6170,5.94,0.02
249.089583,-2.324722,6171, 12    Oph,5.75,0.82
250.347083,-68.296111,6172,   Eta1TrA,5.91,-0.08
246.429583,78.963889,6173,HR6173,5.56,0.26
249.609167,-43.398611,6174,HR6174,5.83,-0.02
249.289583,-10.567222,6175, 13Zet Oph,2.56,0.02
249.771667,-37.2175,6178,HR6178,5.91,0.0
249.046667,46.613333,6183,HR6183,5.79,1.04
249.047917,52.900278,6184, 16    Dra,5.53,-0.07
249.057083,52.924444,6185, 17    Dra,5.08,-0.04
250.334583,-48.763056,6187,HR6187,5.65,0.13
250.4175,-49.651667,6188,HR6188,5.65,-0.03
250.439583,-33.146389,6192,HR6192,5.87,0.65
250.16125,4.219722,6195, 37    Her,5.77,-0.02
250.393333,-17.742222,6196,HR6196,4.96,1.11
249.501667,56.015556,6199,HR6199,5.29,1.08
249.687083,48.928333,6200, 42    Her,4.9,1.55
250.47375,-19.924444,6202,HR6202,5.57,0.43
251.666667,-67.109722,6204,HR6204,5.13,-0.08
250.427083,1.181111,6205, 14    Oph,5.74,0.32
251.165833,-53.1525,6207,HR6207,5.96,1.26
250.321667,31.603056,6212, 40Zet Her,2.81,0.65
250.402917,26.916944,6213, 39    Her,5.92,0.4
251.1775,-40.839722,6214,HR6214,5.71,-0.12
251.588333,-58.503611,6215,HR6215,5.74,-0.09
252.16625,-69.027778,6217,   Alp TrA,1.92,1.44
251.83125,-58.341389,6219,HR6219,5.58,-0.08
250.724167,38.922222,6220, 44Eta Her,3.53,0.92
251.699167,-39.377222,6221,HR6221,5.48,0.98
250.965417,34.038889,6222,HR6222,5.99,0.29
250.229583,64.589167,6223, 18    Dra,4.83,1.22
251.34375,15.745278,6227,HR6227,5.56,1.66
251.457917,8.5825,6228, 43    Her,5.15,1.53
252.44625,-59.041389,6229,   Eta Ara,3.76,1.57
251.943333,5.246667,6234, 45    Her,5.24,-0.02
251.324167,56.781944,6237,HR6237,4.85,0.38
252.540833,-34.293333,6241, 26Eps Sco,2.29,1.15
251.8325,42.238889,6242,HR6242,5.87,1.61
252.458333,-10.783056,6243, 20    Oph,4.65,0.47
252.890417,-41.230556,6245,HR6245,5.22,0.07
252.394167,13.261389,6246,HR6246,5.91,0.03
252.9675,-38.0475,6247,   Mu 1Sco,3.08,-0.2
252.580833,7.247778,6250, 47    Her,5.49,0.1
253.502083,-57.909444,6251,HR6251,5.94,1.59
253.08375,-38.0175,6252,   Mu 2Sco,3.57,-0.21
252.309167,45.983333,6254, 52    Her,4.82,0.09
252.85375,1.216111,6255, 21    Oph,5.51,0.05
253.427083,-43.050833,6257,HR6257,5.96,1.73
252.6625,29.806667,6258, 50    Her,5.72,1.6
253.5075,-41.806389,6260,HR6260,5.45,0.19
253.49875,-42.362222,6262,   Zet1Sco,4.73,0.49
253.612083,-42.478889,6266,HR6266,5.88,0.64
250.775,77.514167,6267,HR6267,5.98,0.42
253.355,-20.415556,6269,HR6269,5.88,0.68
252.93875,24.656389,6270, 51    Her,5.04,1.25
253.645833,-42.361389,6271,   Zet2Sco,3.62,1.37
253.743333,-41.151111,6272,HR6272,5.77,0.15
254.119583,-52.283889,6275,HR6275,5.94,-0.08
254.890833,-69.268333,6276,HR6276,5.79,-0.1
253.242083,31.701667,6279, 53    Her,5.32,0.29
253.64875,-6.153889,6280, 23    Oph,5.25,1.08
253.502083,10.165278,6281, 25Iot Oph,4.38,-0.08
254.655,-55.990278,6285,   Zet Ara,3.13,1.6
253.323333,47.416944,6286,HR6286,6.0,1.32
253.73,20.958611,6287,HR6287,5.41,0.97
254.29625,-33.259444,6288, 27    Sco,5.48,1.59
254.575,-50.641111,6289,HR6289,5.55,0.02
254.2,-23.15,6291, 24    Oph,5.58,-0.02
253.8425,18.433333,6293, 54    Her,5.35,1.41
254.89625,-53.160556,6295,   Eps1Ara,4.06,1.45
255.025833,-54.596944,6297,HR6297,5.65,0.19
254.417083,9.375,6299, 27Kap Oph,3.2,1.15
255.112917,-48.647778,6300,HR6300,6.0,0.88
254.99,-25.091944,6308,HR6308,5.86,1.62
255.039583,-24.989167,6310, 26    Oph,5.75,0.41
255.15375,-35.934167,6311,HR6311,5.97,1.16
255.786667,-53.236944,6314,   Eps2Ara,5.29,0.48
254.007083,65.134722,6315, 19    Dra,4.89,0.48
255.469583,-32.143611,6316,HR6316,5.03,-0.1
255.265,-4.2225,6318, 30    Oph,4.82,1.48
256.102917,-57.712222,6320,HR6320,5.73,-0.1
251.492083,82.037222,6322, 22Eps UMi,4.23,0.89
255.0725,30.926389,6324, 58Eps Her,3.92,-0.01
255.242083,22.632222,6325,HR6325,5.65,1.33
255.961667,-38.152222,6327,HR6327,5.91,0.38
255.401667,33.568333,6332, 59    Her,5.25,0.02
255.577917,25.505556,6333,HR6333,5.75,1.02
256.205833,-34.122778,6334,HR6334,4.87,0.26
255.7825,14.091944,6337,HR6337,4.98,1.6
255.91375,13.605278,6341,HR6341,5.93,0.0
256.584583,-37.2275,6344,HR6344,5.98,0.07
256.384583,-0.891944,6353,HR6353,5.64,0.16
256.344583,12.740833,6355, 60    Her,4.91,0.12
256.575417,22.084167,6364,HR6364,5.56,1.3
257.062083,-17.609167,6365,HR6365,5.99,1.01
257.197917,-30.403611,6366,HR6366,5.97,0.25
258.322917,-67.196667,6368,HR6368,5.89,1.06
256.3325,54.470278,6369, 21Mu  Dra,5.83,
256.332083,54.470278,6370, 21Mu  Dra,5.8,0.48
257.67625,-44.5575,6371,HR6371,5.08,0.86
257.912083,-48.874167,6374,HR6374,5.84,1.84
257.45,-10.523333,6375,HR6375,5.56,0.52
257.008333,35.935278,6377,HR6377,5.39,0.31
257.594583,-15.724722,6378, 35Eta Oph,2.43,0.06
258.038333,-43.239167,6380,   Eta Sco,3.33,0.41
258.0675,-39.506944,6381,HR6381,5.67,0.04
257.38875,40.777222,6388,HR6388,5.08,1.28
258.115833,10.585278,6393, 37    Oph,5.33,1.59
257.196667,65.714722,6396, 22Zet Dra,3.17,-0.12
258.830417,-33.548333,6397,HR6397,5.53,-0.01
258.899583,-38.593889,6398,HR6398,5.96,0.58
258.8375,-26.602778,6401, 36    Oph,5.11,0.86
258.836667,-26.601389,6402, 36    Oph,5.07,0.85
258.834583,-14.583889,6404,HR6404,5.99,1.1
258.662083,14.390278,6406, 64Alp1Her,3.48,1.44
258.663333,14.39,6407, 64Alp2Her,5.39,
259.801667,-59.694444,6408,HR6408,5.91,1.37
259.265417,-32.662778,6409,HR6409,5.55,0.5
258.757917,24.839167,6410, 65Del Her,3.14,0.08
260.524583,-70.123333,6411,   Iot Aps,5.41,-0.04
259.132083,1.210556,6414,HR6414,5.88,0.06
259.152917,-0.445278,6415, 41    Oph,4.73,1.14
259.763333,-46.633889,6416,HR6416,5.48,0.8
260.4975,-67.770556,6417,   Zet Aps,4.78,1.21
258.761667,36.809167,6418, 67Pi  Her,3.16,1.44
258.923333,23.742778,6419,HR6419,5.96,1.31
259.7,-44.129722,6420,HR6420,5.76,-0.05
258.135833,62.874444,6421,HR6421,5.56,0.21
259.502917,-24.286944,6424, 39Omi Oph,5.2,1.1
259.738333,-34.989722,6426,HR6426,5.91,1.04
262.86375,-80.859167,6429,HR6429,5.88,1.67
259.33125,33.1,6431, 68    Her,4.82,-0.17
259.520833,17.318056,6432,HR6432,6.0,0.01
259.654167,10.864444,6433,HR6433,5.03,1.55
259.417917,37.291667,6436, 69    Her,4.65,0.05
260.729167,-58.010278,6438,HR6438,5.88,1.07
261.004583,-62.864167,6440,HR6440,5.7,-0.14
260.77875,-56.525278,6442,HR6442,5.8,1.0
259.702083,28.823056,6443,HR6443,5.65,0.98
259.597083,38.811389,6444,HR6444,5.94,1.0
260.250833,-21.112778,6445, 40Xi  Oph,4.39,0.39
260.207083,-12.846944,6446, 53Nu  Ser,4.33,0.03
261.077917,-60.673611,6447,HR6447,5.77,-0.08
260.817083,-47.468333,6451,   Iot Ara,5.25,-0.11
260.07875,18.057222,6452,HR6452,5.0,1.62
260.5025,-24.999444,6453, 42The Oph,3.27,-0.22
260.040833,25.5375,6455,HR6455,5.38,0.03
260.72875,-37.220556,6456,HR6456,5.93,1.08
260.225833,24.499444,6457, 70    Her,5.12,-0.03
260.165,32.467778,6458, 72    Her,5.39,0.62
260.84,-28.143056,6459, 43    Oph,5.35,1.55
261.054167,-44.1625,6460,HR6460,5.12,-0.06
261.325,-55.53,6461,   Bet Ara,2.85,1.46
261.348333,-56.3775,6462,   Gam Ara,3.34,-0.13
260.087917,46.240833,6464, 74    Her,5.59,1.57
261.5,-50.633611,6468,   Kap Ara,5.23,1.06
260.431667,39.974444,6469,HR6469,5.51,0.68
261.175,-21.441667,6472,HR6472,5.85,0.93
260.99,8.852778,6476,HR6476,5.77,1.25
262.730833,31.158333,6528,HR6528,5.61,0.95
261.714583,-45.843611,6477,HR6477,5.29,-0.07
261.801667,-50.630278,6478,HR6478,5.92,0.08
260.439167,53.420556,6479,HR6479,5.67,1.47
261.0275,22.960278,6480, 73    Her,5.74,0.21
261.13125,16.301111,6481,HR6481,5.71,0.07
261.99,-52.297222,6483,HR6483,5.75,1.17
260.919583,37.146667,6484, 75Rho Her,5.47,
260.920833,37.145833,6485, 75Rho Her,4.52,-0.03
261.5925,-24.175278,6486, 44    Oph,4.17,0.28
262.16125,-55.169722,6487,HR6487,5.94,1.11
261.83875,-29.866944,6492, 45    Oph,4.29,0.4
261.657917,-5.086667,6493,HR6493,4.54,0.39
261.90625,-29.724444,6494,HR6494,6.0,0.0
261.476667,16.9175,6495,HR6495,5.98,1.62
261.62875,4.140278,6498, 49Sig Oph,4.34,1.5
262.774583,-60.683889,6500,   Del Ara,3.62,-0.1
261.704583,20.080833,6502,HR6502,5.54,-0.13
262.845833,-56.920556,6505,HR6505,5.95,-0.08
261.6925,34.695833,6506,HR6506,5.94,-0.01
262.207083,0.330556,6507,HR6507,5.44,0.22
262.690833,-37.295833,6508, 34Ups Sco,2.69,-0.22
261.684167,48.26,6509, 77    Her,5.85,0.12
262.960417,-49.876111,6510,   Alp Ara,2.95,-0.17
261.422083,60.048333,6511,HR6511,5.65,0.03
262.599167,-1.0625,6516,HR6516,5.31,0.72
262.854167,-23.962778,6519, 51    Oph,4.81,0.0
263.280833,-41.173611,6523,HR6523,5.84,0.06
262.83875,2.724444,6524,HR6524,5.59,0.84
262.684583,26.110556,6526, 76Lam Her,4.41,1.44
263.402083,-37.103889,6527, 35Lam Sco,1.63,-0.22
259.904167,80.136389,6529,HR6529,5.72,1.5
262.956667,28.4075,6533, 78    Her,5.62,0.0
263.374583,-5.744722,6534,HR6534,5.62,0.18
263.677083,-32.581667,6535,HR6535,5.7,0.04
262.608333,52.301389,6536, 23Bet Dra,2.79,0.98
263.915,-46.505556,6537,  1Sig Ara,4.59,-0.03
263.345,19.256667,6541,HR6541,5.64,0.48
263.414167,16.3175,6542,HR6542,5.69,1.01
263.693333,-11.241944,6544,HR6544,5.55,0.02
264.136667,-38.635278,6546,HR6546,4.29,1.09
264.363333,-50.06,6547,HR6547,5.93,1.1
263.652917,9.586667,6548, 53    Oph,5.81,0.02
264.523333,-54.500278,6549,   Pi  Ara,5.25,0.2
263.280417,41.243611,6550,HR6550,5.74,1.09
264.33,-42.997778,6553,   The Sco,1.87,0.4
263.044167,55.184167,6554, 24Nu 1Dra,4.88,0.26
263.066667,55.173056,6555, 25Nu 2Dra,4.87,0.28
263.73375,12.56,6556, 55Alp Oph,2.08,0.15
264.396667,-15.398611,6561, 55Xi  Ser,3.54,0.26
264.400833,-15.571111,6562,HR6562,5.94,0.37
262.99125,68.135,6566, 27    Dra,5.05,1.08
264.46125,-8.118889,6567, 57Mu  Oph,4.62,0.11
264.539583,-10.926389,6568,HR6568,5.75,1.23
265.098333,-49.415556,6569,   Lam Ara,4.77,0.4
264.379583,24.31,6571, 79    Her,5.77,0.11
265.317917,-46.921944,6572,HR6572,5.79,-0.01
263.747917,61.875,6573, 26    Dra,5.23,0.61
264.156667,48.585556,6574, 82    Her,5.37,1.15
265.622083,-39.03,6580,   Kap Sco,2.41,-0.22
265.35375,-12.875278,6581, 56Omi Ser,4.26,0.08
266.433333,-64.723889,6582,   Eta Pav,3.62,1.19
265.7125,-36.945833,6583,HR6583,5.54,1.55
266.03625,-51.834167,6585,   Mu  Ara,5.15,0.7
264.86625,46.006389,6588, 85Iot Her,3.8,-0.18
265.384583,6.312778,6590,HR6590,5.95,1.26
265.494583,15.951944,6594,HR6594,5.52,0.38
265.8575,-21.683333,6595, 58    Oph,4.87,0.47
264.237917,68.758056,6596, 28Ome Dra,4.8,0.43
266.175,-42.728889,6597,HR6597,5.87,0.16
265.618333,24.564167,6602, 83    Her,5.52,1.46
265.868333,4.567222,6603, 60Bet Oph,2.77,1.16
264.286667,72.455833,6606,HR6606,5.86,1.01
265.340833,51.818056,6607,HR6607,5.99,1.05
265.84,24.327778,6608, 84    Her,5.71,0.65
266.89625,-40.126944,6615,   Iot1Sco,3.03,0.51
266.89,-27.830833,6616,  3    Sgr,4.54,0.8
265.997083,53.801667,6618,HR6618,5.75,0.01
266.903333,-14.725833,6620,HR6620,5.94,0.05
267.6175,-53.612222,6622,HR6622,5.92,-0.08
266.614583,27.720556,6623, 86Mu  Her,3.42,0.75
267.897917,-60.164444,6624,HR6624,5.78,1.0
266.783333,17.697222,6627,HR6627,5.72,0.01
267.29375,-31.703333,6628,HR6628,4.83,-0.04
266.973333,2.707222,6629, 62Gam Oph,3.75,0.04
267.464583,-37.043333,6630,HR6630,3.21,1.17
267.546667,-40.090556,6631,   Iot2Sco,4.81,0.26
265.484583,72.148889,6636, 31Psi1Dra,4.58,0.42
265.491667,72.156944,6637, 31Psi1Dra,5.79,0.53
267.103333,20.565556,6638,HR6638,5.69,0.94
267.886667,-40.7725,6643,HR6643,5.96,1.59
267.205,25.622778,6644, 87    Her,5.12,1.16
268.056667,-34.799167,6647,HR6647,5.9,-0.1
268.082083,-34.416667,6648,HR6648,5.84,1.13
267.595417,29.322222,6654,HR6654,5.5,1.05
267.701667,22.316389,6655,HR6655,5.98,
267.267917,50.781111,6656, 30    Dra,5.02,0.02
268.347083,-34.895278,6658,HR6658,5.6,1.14
268.47875,-34.7525,6662,HR6662,5.96,-0.01
268.1475,1.305,6667,HR6667,5.95,1.58
268.613333,-34.466389,6668,HR6668,5.96,-0.01
268.309167,6.101389,6670,HR6670,5.77,0.42
269.1975,-44.342222,6675,HR6675,4.86,1.21
268.325417,40.008056,6677, 90    Her,5.16,1.18
269.174583,-28.065278,6680,HR6680,5.8,0.21
269.079167,-15.8125,6681,HR6681,5.89,0.05
269.44875,-41.716111,6682,HR6682,4.88,1.65
269.076667,0.670278,6684,HR6684,5.82,0.09
268.855,26.05,6685, 89    Her,5.46,0.34
269.19875,-4.081944,6686,HR6686,5.47,1.16
268.961667,22.464167,6687,HR6687,5.58,1.24
268.382083,56.872778,6688, 32Xi  Dra,3.75,1.18
269.267917,0.066389,6689,HR6689,5.97,0.1
269.731667,-36.858333,6691,HR6691,5.74,0.9
269.771667,-30.253056,6693,HR6693,5.16,1.77
269.063333,37.250556,6695, 91The Her,3.86,1.35
269.756667,-9.773611,6698, 64Nu  Oph,3.34,0.99
269.948333,-23.816111,6700,  4    Sgr,4.76,-0.04
267.3625,76.962778,6701, 35    Dra,5.04,0.49
269.44125,29.247778,6703, 92Xi  Her,3.7,0.94
269.151667,51.488889,6705, 33Gam Dra,2.23,1.52
269.902917,-4.821389,6706,HR6706,5.87,1.56
269.625833,30.189444,6707, 94Nu  Her,4.41,0.39
270.120833,-3.690278,6710, 57Zet Ser,4.62,0.38
269.67625,36.287778,6711,HR6711,6.0,0.94
270.065833,4.368611,6712, 66    Oph,4.64,-0.03
270.014167,16.750833,6713, 93    Her,4.67,1.26
270.16125,2.931667,6714, 67    Oph,3.97,0.02
270.476667,-22.780556,6716,HR6716,5.77,0.0
283.695417,-87.605833,6721,   Chi Oct,5.28,1.28
270.438333,1.305278,6723, 68    Oph,4.45,0.02
270.712917,-24.282222,6724,  7    Sgr,5.34,0.52
268.796667,72.005,6725, 34Psi2Dra,5.45,0.3
270.151667,33.213889,6726,HR6726,5.99,1.51
269.984167,45.501389,6728,HR6728,5.67,1.57
270.374583,21.595278,6729, 95    Her,5.18,0.95
270.376667,21.595556,6730, 95    Her,4.96,0.12
272.815417,-75.891389,6731,HR6731,5.86,1.24
270.770833,-8.180278,6733, 69Tau Oph,5.94,
270.770417,-8.180556,6734, 69Tau Oph,5.24,0.38
270.968333,-24.360556,6736,  9    Sgr,5.97,0.0
270.59625,20.833611,6738, 96    Her,5.28,-0.09
271.21,-35.901389,6739,HR6739,6.0,1.16
271.255417,-29.58,6742,   Gam1Sgr,4.69,0.78
271.657917,-50.091667,6743,   The Ara,3.66,-0.08
272.145,-63.668333,6745,   Pi  Pav,4.35,0.22
271.452083,-30.424167,6746, 10Gam2Sgr,2.99,1.0
271.59875,-36.019722,6748,HR6748,5.95,0.62
271.7075,-43.424722,6749,HR6749,5.77,0.22
271.7075,-43.424722,6750,HR6750,5.77,
273.14375,-73.671667,6751,HR6751,5.85,0.46
271.36375,2.499444,6752, 70    Oph,4.03,0.86
271.530833,-8.323889,6755,HR6755,5.85,0.21
271.563333,-4.751389,6756,HR6756,5.77,0.96
272.60875,-62.002222,6761,   Iot Pav,5.49,0.58
271.507917,22.218889,6765, 98    Her,5.06,1.58
272.020833,-28.457222,6766,HR6766,4.57,0.94
271.456667,32.230556,6768,HR6768,5.71,1.16
271.951667,-17.154167,6769,HR6769,5.52,1.11
271.826667,8.733889,6770, 71    Oph,4.64,0.96
271.8375,9.563889,6771, 72    Oph,3.73,0.12
271.75625,30.561944,6775, 99    Her,5.04,0.52
271.885833,28.7625,6779,103Omi Her,3.83,-0.03
272.52375,-30.728611,6780,HR6780,5.53,0.97
271.95625,26.101389,6781,100    Her,5.86,0.12
271.95625,26.0975,6782,100    Her,5.9,0.14
272.8075,-45.954444,6783,   Eps Tel,4.53,1.01
272.773333,-41.359167,6786,HR6786,5.86,0.29
272.189583,20.814444,6787,102    Her,4.36,-0.16
263.05375,86.586389,6789, 23Del UMi,4.36,0.02
271.87,43.461667,6791,HR6791,5.0,0.91
272.009167,36.401389,6793,HR6793,5.48,1.17
272.220417,20.045278,6794,101    Her,5.1,0.15
272.390833,3.993333,6795, 73    Oph,5.73,0.37
272.475,3.119722,6797,HR6797,5.69,0.47
272.667917,3.324167,6800,HR6800,5.51,1.19
272.930833,-23.701111,6801, 11    Sgr,4.98,1.05
273.3025,-41.336111,6804,HR6804,5.47,-0.17
273.920417,-63.055556,6805,HR6805,5.6,0.92
272.495833,36.466389,6807,HR6807,5.58,0.91
270.038333,80.004167,6810, 41    Dra,5.68,0.5
262.7,86.968056,6811, 24    UMi,5.79,0.25
273.440833,-21.058889,6812, 13Mu  Sgr,3.86,0.23
272.937917,33.446944,6814,HR6814,5.88,0.01
272.975833,31.405278,6815,104    Her,4.97,1.65
273.56625,-21.713056,6816, 14    Sgr,5.44,1.52
272.631667,54.286667,6817,HR6817,5.95,0.94
273.969583,-44.206667,6818,HR6818,5.46,0.96
274.28125,-56.023333,6819,HR6819,5.33,-0.05
273.80375,-20.728333,6822, 15    Sgr,5.38,0.07
273.80375,-20.388056,6823, 16    Sgr,5.95,0.02
275.900417,-75.044167,6829,   Phi Oct,5.47,0.02
274.406667,-36.761667,6832,   Eta Sgr,3.11,1.56
277.33125,-80.232778,6837,HR6837,5.95,1.16
274.298333,-17.373889,6838,HR6838,5.75,1.58
274.22125,-3.007222,6840,HR6840,6.0,0.89
274.513333,-27.0425,6842,HR6842,4.65,1.66
273.911667,42.159444,6845,HR6845,5.59,-0.1
273.474167,64.397222,6850, 36    Dra,5.03,0.38
274.532083,18.131389,6852,HR6852,5.99,0.03
275.806667,-61.493889,6855,   Xi  Pav,4.36,1.48
274.789583,7.259722,6857,HR6857,5.39,1.07
275.036667,-15.831667,6858,HR6858,5.39,1.47
275.24875,-29.828056,6859, 19Del Sgr,2.7,1.38
274.794583,24.446111,6860,105    Her,5.27,1.53
275.5775,-38.656944,6862,HR6862,5.1,1.49
275.34625,-18.86,6863,HR6863,5.75,0.94
273.820833,68.755833,6865, 37    Dra,5.95,1.06
275.217083,3.377222,6866, 74    Oph,4.86,0.91
274.967083,29.666111,6867,HR6867,5.99,1.29
275.074583,21.961389,6868,106    Her,4.95,1.59
275.3275,-2.898889,6869, 58Eta Ser,3.26,0.94
275.72125,-36.669444,6870,HR6870,5.34,-0.14
274.965417,36.064444,6872,  1Kap Lyr,4.33,1.17
275.870417,-36.238333,6874,HR6874,5.55,1.02
276.075833,-44.110278,6875,HR6875,5.25,-0.19
275.237917,29.858889,6876,108    Her,5.63,0.21
275.254167,28.87,6877,107    Her,5.12,0.2
276.042917,-34.384722,6879, 20Eps Sgr,1.85,-0.03
275.800833,-12.014722,6881,HR6881,5.73,0.01
275.53625,23.285278,6882,HR6882,5.41,1.6
275.647083,12.028889,6883,HR6883,5.89,0.04
275.914583,-8.934167,6884,   Zet Sct,4.68,0.95
275.704167,17.826667,6885,HR6885,5.25,1.27
276.25625,-30.756667,6888, 18    Sgr,5.6,1.14
275.38625,49.121667,6891,HR6891,5.05,1.66
276.724583,-48.116944,6894,HR6894,5.46,0.84
275.924583,21.769722,6895,109    Her,3.84,1.18
276.3375,-20.541667,6896, 21    Sgr,4.81,1.31
276.743333,-45.968333,6897,   Alp Tel,3.51,-0.17
278.230417,-73.965556,6899,HR6899,5.89,0.98
276.411667,8.031944,6902,HR6902,5.65,0.92
276.0575,39.507222,6903,  2Mu  Lyr,5.12,0.03
277.207917,-49.070833,6905,   Zet Tel,4.13,1.02
276.95625,-29.816389,6907,HR6907,5.92,0.52
277.48625,-57.523056,6908,HR6908,5.76,0.98
277.112917,-38.995556,6910,HR6910,5.64,0.13
276.9925,-25.421667,6913, 22Lam Sgr,2.81,1.04
277.843333,-62.278333,6916,   Nu  Pav,4.64,-0.11
276.495,29.828889,6917,HR6917,5.83,0.06
276.802083,0.196111,6918, 59    Ser,5.21,0.5
275.189583,71.337778,6920, 43Phi Dra,4.22,-0.1
277.4825,-47.220278,6922,HR6922,5.7,1.26
275.977083,58.800556,6923, 39    Dra,4.98,0.08
275.264167,72.732778,6927, 44Chi Dra,3.57,0.49
276.995,6.194167,6928,HR6928,5.73,-0.03
277.299583,-14.565833,6930,   Gam Sct,4.7,0.06
277.445,-14.581667,6932,HR6932,5.96,-0.04
277.549583,-18.728889,6933,HR6933,5.66,1.06
277.939167,-45.915,6934,   Del1Tel,4.96,-0.11
277.420833,-1.985278,6935, 60    Ser,5.39,0.96
277.77,-32.989167,6936,HR6936,5.34,0.16
277.984167,-43.507778,6937,HR6937,5.72,1.34
278.008333,-45.757222,6938,   Del2Tel,5.07,-0.14
278.089167,-39.703889,6942,HR6942,5.16,0.08
277.39875,23.866111,6943,HR6943,5.9,-0.1
277.859583,-18.402778,6944,HR6944,5.14,0.0
276.49625,65.563611,6945, 42    Dra,4.82,1.19
277.857083,-10.795833,6946,HR6946,5.72,0.24
278.375833,-42.3125,6951,   The CrA,4.64,1.01
278.34625,-38.726111,6953,   Kap2CrA,5.65,-0.06
277.768333,16.928611,6955,HR6955,5.77,0.04
277.9875,-1.003056,6957, 61    Ser,5.94,0.16
278.180417,-14.865556,6959,HR6959,5.5,1.97
278.490833,-33.016667,6960,HR6960,5.28,-0.11
278.472917,-24.0325,6961, 24    Sgr,5.49,1.79
278.4125,-14.853611,6962,HR6962,5.76,0.04
278.1925,23.616944,6966,HR6966,5.84,1.46
278.207917,30.554167,6968,HR6968,5.48,-0.1
278.76,-10.977222,6970,HR6970,5.14,0.92
278.801667,-8.244167,6973,   Alp Sct,3.85,1.33
278.8025,18.203333,6977,HR6977,5.78,0.0
278.14375,57.045556,6978, 45    Dra,4.77,0.61
278.876667,23.605556,6980,HR6980,5.61,1.0
280.75875,-71.428056,6982,   Zet Pav,4.01,1.14
278.48625,52.353611,6983,HR6983,5.36,1.09
279.115833,9.1225,6985,HR6985,5.39,0.37
279.809583,-47.909722,6986,HR6986,5.86,0.23
279.162917,6.671944,6987,HR6987,5.45,0.37
279.476667,-21.397778,6988,HR6988,5.94,0.19
279.627917,-23.505,6990,HR6990,5.81,0.02
279.895833,-43.186111,6991,HR6991,5.37,1.68
279.4,-0.309444,6993,HR6993,5.75,0.07
279.155,33.468889,6997,HR6997,5.42,-0.1
279.7225,-21.051944,6998,HR6998,5.86,0.68
279.234583,38.783611,7001,  3Alp Lyr,0.03,0.0
280.905,-64.551111,7004,HR7004,5.78,0.96
277.437083,77.546944,7006,HR7006,5.64,1.18
280.002083,-7.790556,7007,HR7007,5.84,1.55
281.362083,-64.871389,7012,HR7012,4.79,0.2
279.389583,62.526667,7018,HR7018,5.74,-0.06
280.568333,-9.0525,7020,   Del Sct,4.72,0.35
280.945417,-38.323611,7021,   Lam CrA,5.13,0.09
279.97,52.196111,7028,HR7028,6.0,-0.07
281.080833,-35.641944,7029,HR7029,4.87,-0.18
281.238333,-39.686389,7031,HR7031,5.43,0.87
280.880417,-8.275278,7032,   Eps Sct,4.9,1.12
281.206667,-25.011111,7035,HR7035,5.83,0.05
282.1575,-65.077778,7036,   The Pav,5.73,0.24
281.414167,-26.990833,7039, 27Phi Sgr,3.17,-0.11
281.207917,2.06,7040,  4    Aql,5.02,-0.06
280.965,31.926667,7044,HR7044,5.7,0.34
281.585833,-22.392222,7046, 28    Sgr,5.37,1.64
281.368333,5.499722,7048,HR7048,5.83,0.04
280.657917,55.539444,7049, 46    Dra,5.04,-0.09
281.935833,-40.406111,7050,   Mu  CrA,5.24,0.78
281.085,39.67,7051,  4Eps1Lyr,5.06,0.16
281.095417,39.613056,7053,  5Eps2Lyr,5.14,0.19
281.095417,39.612778,7054,  5Eps2Lyr,5.37,
281.680417,-10.125,7055,HR7055,5.71,0.59
281.193333,37.605,7056,  6Zet1Lyr,4.36,0.19
281.200833,37.594444,7057,  7Zet2Lyr,5.73,0.28
281.61875,-0.961667,7059,  5    Aql,5.9,0.13
281.415417,20.546389,7061,110    Her,4.19,0.46
282.210417,-43.68,7062,   Eta1CrA,5.49,0.13
281.79375,-4.747778,7063,   Bet Sct,4.22,1.1
281.51875,26.662222,7064,HR7064,4.83,1.2
282.364167,-45.810278,7065,HR7065,5.81,0.9
281.870833,-5.705,7066,HR7066,5.2,1.47
282.395833,-43.433889,7068,   Eta2CrA,5.61,-0.08
281.755417,18.181389,7069,111    Her,4.36,0.13
283.054167,-62.1875,7074,   Lam Pav,4.22,-0.14
281.075833,61.048056,7075,HR7075,5.99,0.96
282.417083,-20.324722,7078, 29    Sgr,5.24,1.41
282.420833,-5.912778,7083,HR7083,5.99,1.6
281.679583,52.988056,7084,HR7084,5.88,-0.09
282.2225,19.328611,7086,HR7086,5.88,0.03
283.165,-52.1075,7087,   Kap Tel,5.17,0.94
283.112917,-46.595278,7092,HR7092,5.54,1.63
282.74375,-9.774167,7094,HR7094,5.83,0.61
282.44125,32.812778,7100,  8Nu 1Lyr,5.91,-0.16
282.470417,32.550833,7102,  9Nu 2Lyr,5.25,0.08
282.52,33.362778,7106, 10Bet Lyr,3.45,0.0
284.2375,-67.233611,7107,   Kap Pav,4.44,0.71
283.068333,21.425278,7113,112    Her,5.48,-0.07
283.500417,-21.359722,7114, 33    Sgr,5.69,1.23
283.5425,-22.745,7116, 32Nu 1Sgr,4.83,1.41
281.444583,74.085556,7117,HR7117,5.27,0.92
283.679583,-15.603056,7119,HR7119,5.1,0.17
283.779583,-22.671389,7120, 35Nu 2Sgr,4.99,1.33
283.81625,-26.296667,7121, 34Sig Sgr,2.02,-0.22
284.070417,-42.710556,7122,HR7122,5.36,1.0
282.895833,52.975,7123,HR7123,5.51,0.84
281.5925,75.433889,7124, 50    Dra,5.35,0.05
282.800417,59.388333,7125, 47Omi Dra,4.66,1.19
283.879167,-16.376667,7126,HR7126,5.79,0.36
284.651667,-60.200556,7127,   Ome Pav,5.14,1.37
284.0025,-23.173611,7128,HR7128,5.93,-0.02
284.16875,-37.343333,7129,HR7129,5.38,-0.14
283.431667,36.971667,7131, 11Del1Lyr,5.58,-0.15
283.555,27.909444,7132,HR7132,5.62,1.35
283.687083,22.645,7133,113    Her,4.59,0.78
284.615417,-52.938611,7134,   Lam Tel,4.87,-0.05
283.864583,6.615278,7135,HR7135,5.57,1.04
283.306667,50.708333,7137,HR7137,4.92,0.9
283.625833,36.898889,7139, 12Del2Lyr,4.3,1.68
284.055,4.203611,7141, 63The1Ser,4.62,0.17
284.060833,4.201944,7142, 63The2Ser,4.98,0.2
284.335417,-20.656389,7145, 36Xi 1Sgr,5.08,0.13
283.7175,41.602778,7146,HR7146,5.44,1.03
284.025833,18.105278,7148,HR7148,5.69,1.09
284.265417,-5.846111,7149,   Eta Sct,4.83,1.08
284.4325,-21.106667,7150, 37Xi 2Sgr,3.51,1.18
284.680833,-37.1075,7152,   Eps CrA,4.87,0.41
283.69625,48.859722,7154,HR7154,5.77,0.43
283.83375,43.946111,7157, 13    Lyr,4.04,1.59
284.319167,2.535278,7158, 64    Ser,5.57,0.0
285.87375,-68.755278,7161,HR7161,5.88,0.56
284.256667,32.901389,7162,HR7162,5.22,0.59
284.56125,17.360833,7165,HR7165,5.38,0.8
284.849167,-12.840556,7166,HR7166,5.53,-0.04
284.695417,13.906667,7167, 10    Aql,5.89,0.25
284.77375,13.6225,7172, 11    Aql,5.23,0.53
284.507917,38.266111,7174,HR7174,5.89,-0.17
284.1875,57.815,7175, 48    Dra,5.66,1.15
284.905833,15.068333,7176, 13Eps Aql,4.02,1.08
284.735833,32.689444,7178, 14Gam Lyr,3.24,-0.05
283.599583,71.297222,7180, 52Ups Dra,4.82,1.15
284.939583,26.230556,7181,HR7181,5.27,1.24
284.106667,65.258056,7187,HR7187,5.63,0.95
285.77875,-42.095278,7188,   Zet CrA,4.75,-0.02
285.989167,-51.018611,7190,HR7190,5.93,1.24
285.00375,32.145556,7192, 15Lam Lyr,4.93,1.47
285.42,-5.738889,7193, 12    Aql,4.02,1.09
285.652917,-29.880278,7194, 38Zet Sgr,2.6,0.08
285.615417,-24.846944,7195,HR7195,5.65,1.23
285.82375,-38.253333,7197,HR7197,5.74,0.32
285.3225,26.291389,7202,HR7202,5.69,-0.08
285.727083,-3.698889,7209, 14    Aql,5.42,0.0
285.057083,50.533611,7210,HR7210,5.38,-0.18
286.104583,-31.046944,7211,HR7211,5.5,0.03
286.582917,-52.340833,7213,   Rho Tel,5.16,0.53
285.884167,1.818889,7214,HR7214,5.83,0.18
285.36,46.934722,7215, 16    Lyr,5.01,0.19
286.170833,-21.741667,7217, 39Omi Sgr,3.77,1.01
285.180833,55.658333,7218, 49    Dra,5.48,0.86
287.469583,-68.424722,7221,HR7221,5.33,0.91
286.731667,-48.299167,7223,HR7223,5.97,-0.02
286.24,-4.031389,7225, 15    Aql,5.42,1.12
286.604583,-37.063333,7226,   Gam CrA,4.93,0.52
286.604583,-37.063333,7227,   Gam CrA,4.99,0.52
317.1925,-88.956389,7228,   Sig Oct,5.47,0.27
286.421667,-15.660278,7230,HR7230,5.97,-0.02
286.735,-27.670556,7234, 40Tau Sgr,3.32,1.19
286.3525,13.863333,7235, 17Zet Aql,2.99,0.01
286.562083,-4.8825,7236, 16Lam Aql,3.44,-0.09
286.24125,31.744444,7237,HR7237,5.56,1.54
287.087083,-40.496667,7242,   Del CrA,4.59,1.09
286.744167,11.071389,7248, 18    Aql,5.09,-0.07
287.069583,-19.29,7249,HR7249,5.54,-0.11
286.66,24.250833,7250,HR7250,5.77,0.09
286.23,53.396667,7251, 51    Dra,5.38,-0.01
286.657083,28.628611,7253,HR7253,5.55,0.29
287.367917,-37.904444,7254,   Alp CrA,4.11,0.04
287.490833,-41.8925,7257,HR7257,5.88,-0.08
287.507083,-39.340833,7259,   Bet CrA,4.11,1.2
286.856667,32.501667,7261, 17    Lyr,5.23,0.34
286.825417,36.100278,7262, 18Iot Lyr,5.28,-0.11
287.440833,-21.023611,7264, 41Pi  Sgr,2.89,0.35
287.249583,6.073333,7266, 19    Aql,5.22,0.35
287.1075,52.425556,7275,HR7275,5.81,1.09
288.307083,-25.906667,7277,HR7277,5.8,1.38
289.3,-66.661389,7278,HR7278,5.53,0.18
288.169583,-7.939444,7279, 20    Aql,5.34,0.13
288.665417,-45.193333,7281,HR7281,5.92,0.9
288.314583,-12.2825,7282,HR7282,5.51,1.44
287.941667,31.283333,7283, 19    Lyr,5.98,-0.07
288.152917,21.554444,7286,HR7286,5.93,0.03
288.427917,2.293611,7287, 21    Aql,5.15,-0.07
289.090417,-45.466389,7289,HR7289,5.4,1.35
288.885,-25.256667,7292, 42Psi Sgr,4.85,0.56
287.91875,56.859167,7295, 53    Dra,5.12,1.01
288.439583,39.146111,7298, 20Eta Lyr,4.39,-0.15
288.760833,20.203333,7299,HR7299,6.0,0.88
288.83375,15.083611,7300,HR7300,5.57,1.07
288.8225,21.232222,7301,  1    Sge,5.64,0.11
288.853333,30.526389,7302,HR7302,5.85,1.67
289.129167,4.834722,7303, 22    Aql,5.59,0.08
289.40875,-18.953056,7304, 43    Sgr,4.96,1.02
289.054167,21.390278,7306,  1    Vul,4.77,-0.05
289.111667,14.544722,7307,HR7307,5.63,-0.02
288.48,57.705,7309, 54    Dra,4.99,1.16
288.13875,67.661667,7310, 57Del Dra,3.07,1.0
287.290833,76.560556,7312, 59    Dra,5.13,0.31
289.092083,38.133611,7314, 21The Lyr,4.36,1.26
289.454167,11.595278,7315, 25Ome1Aql,5.28,0.2
289.916667,-35.421389,7316,HR7316,5.59,-0.13
289.431667,23.025556,7318,  2    Vul,5.43,0.02
289.635417,1.085278,7319, 23    Aql,5.1,1.15
289.214167,46.999167,7322,HR7322,6.0,0.44
290.15875,-22.4025,7327,HR7327,5.58,0.27
289.275833,53.368611,7328,  1Kap Cyg,3.77,0.96
290.712917,-54.423611,7329,   Eta Tel,5.05,0.02
289.91375,12.374722,7331, 28    Aql,5.53,0.26
290.137083,-5.415833,7333, 26    Aql,5.01,0.92
290.14875,-0.892222,7336, 27    Aql,5.49,-0.04
290.659583,-44.458889,7337,   Bet1Sgr,4.01,-0.1
290.418333,-17.847222,7340, 44Rho1Sgr,3.93,0.22
290.431667,-15.955,7342, 46Ups Sgr,4.61,0.1
290.805,-44.799722,7343,   Bet2Sgr,4.29,0.34
290.462083,-18.308333,7344, 45Rho2Sgr,5.87,1.06
290.971667,-40.616111,7348,   Alp Sgr,3.97,-0.1
290.589583,-0.2525,7349,HR7349,5.83,1.09
288.8875,73.355556,7352, 60Tau Dra,4.45,1.25
290.067083,57.645278,7356,HR7356,5.91,1.58
290.712083,26.2625,7358,  3    Vul,5.18,-0.12
291.267083,-29.309167,7360,HR7360,5.93,1.26
291.31875,-24.508611,7362, 47Chi1Sgr,5.03,0.23
291.37375,-23.962222,7363, 49Chi3Sgr,5.43,1.43
291.34,-13.896944,7367,HR7367,5.69,1.43
291.950417,-54.325278,7370,HR7370,5.69,1.4
290.167083,65.714722,7371, 58Pi  Dra,4.59,0.02
291.031667,29.621389,7372,  2    Cyg,4.97,-0.1
291.2425,11.944444,7373, 31    Aql,5.16,0.77
291.58,-21.776667,7375, 50    Sgr,5.59,1.22
291.374583,3.114722,7377, 30Del Aql,3.36,0.32
291.54625,-15.053056,7378,HR7378,5.72,0.02
291.735417,-29.743333,7380,HR7380,5.67,0.0
290.985417,43.388056,7382,HR7382,5.84,0.92
292.795417,-68.433889,7383,HR7383,5.96,1.64
291.369167,19.798611,7385,  4    Vul,5.16,0.98
291.629583,0.338611,7387, 32Nu  Aql,4.66,0.6
291.600417,13.023889,7389,HR7389,5.74,0.47
291.555,20.097778,7390,  5    Vul,5.63,-0.01
291.619583,19.891389,7391,HR7391,5.81,1.55
292.349583,-43.445833,7392,HR7392,5.71,0.22
291.537917,36.317778,7395,  4    Cyg,5.15,-0.12
292.086667,2.930278,7397,HR7397,5.85,0.01
292.4675,-26.985556,7398,HR7398,5.52,1.12
292.254167,1.950278,7400, 35    Aql,5.8,0.08
292.17625,24.665,7405,  6Alp Vul,4.44,1.5
292.2375,24.768611,7406,  8    Vul,5.81,1.03
292.342083,14.595833,7407,HR7407,5.56,1.05
291.857917,52.320556,7408,  7Iot1Cyg,5.75,0.0
293.224167,-53.185833,7411,HR7411,5.75,0.3
292.665833,-2.788889,7414, 36    Aql,5.03,1.75
293.34,-45.271944,7416,HR7416,5.61,-0.04
292.680417,27.959722,7417,  6Bet1Cyg,3.08,1.13
292.68875,27.965278,7418,  6Bet2Cyg,5.11,-0.1
292.42625,51.729722,7420, 10Iot2Cyg,3.79,0.14
292.840833,26.617222,7421,HR7421,5.87,0.93
293.535417,-40.034722,7422,HR7422,5.89,0.09
293.804167,-48.099167,7424,   Iot Tel,4.9,1.09
292.942917,34.453056,7426,  8    Cyg,4.74,-0.14
292.830417,50.306667,7427,HR7427,5.53,1.25
293.5225,7.378889,7429, 38Mu  Aql,4.45,1.17
293.780417,-10.560278,7430, 37    Aql,5.12,1.13
294.007083,-24.719167,7431, 51    Sgr,5.65,0.19
293.645417,19.773333,7437,  9    Vul,5.0,-0.09
294.176667,-24.883611,7440, 52    Sgr,4.6,-0.07
293.712083,29.463056,7441,  9    Cyg,5.38,0.55
293.423333,49.2625,7442,HR7442,5.96,1.64
294.26375,-18.231111,7443,HR7443,5.64,1.26
293.671667,42.412778,7444,HR7444,5.35,0.05
294.222917,-7.0275,7446, 39Kap Aql,4.95,0.0
294.180417,-1.286389,7447, 41Iot Aql,4.36,-0.08
293.5825,51.236667,7451,HR7451,5.73,0.48
294.393333,-14.301667,7454,HR7454,5.47,0.5
294.21875,11.273333,7456,HR7456,5.98,0.88
294.447083,-4.6475,7460, 42    Aql,5.46,0.43
293.09,69.661111,7462, 61Sig Dra,4.68,0.79
294.3225,16.462778,7463,  4Eps Sge,5.66,1.02
294.157917,44.695,7468,HR7468,5.17,0.93
294.110417,50.221111,7469, 13The Cyg,4.48,0.38
295.029583,-23.428611,7473,HR7473,5.97,1.04
294.798333,5.397778,7474, 44Sig Aql,5.17,0.03
294.844167,30.153333,7478, 12Phi Cyg,4.69,0.97
295.024167,18.013889,7479,  5Alp Sge,4.37,0.78
295.180417,-0.621111,7480, 45    Aql,5.67,0.11
294.860417,42.818333,7483, 14    Cyg,5.4,-0.08
294.671667,54.973889,7484,HR7484,5.82,0.44
295.262083,17.476111,7488,  6Bet Sge,4.37,1.05
295.629583,-16.123889,7489, 55    Sgr,5.06,0.33
295.209167,45.525,7495,HR7495,5.06,0.4
295.889583,-15.47,7496,HR7496,5.49,0.46
295.641667,11.826667,7497, 47Chi Aql,5.27,0.57
297.355417,-72.503333,7498,HR7498,5.41,0.22
295.685833,32.426667,7502,HR7502,5.94,0.11
295.45375,50.525278,7503, 16    Cyg,5.96,0.64
295.92875,25.771944,7506, 10    Vul,5.49,0.93
296.505,-31.908611,7507,HR7507,5.52,0.02
297.005,-56.3625,7510,   Nu  Tel,5.35,0.2
295.9375,41.773056,7514,HR7514,5.84,1.57
296.590417,-19.761111,7515, 56    Sgr,4.86,0.93
296.069167,37.354444,7517, 15    Cyg,4.89,0.95
296.41625,7.613333,7519, 49Ups Aql,5.91,0.18
296.565,10.613333,7525, 50Gam Aql,2.72,1.52
296.24375,45.130833,7528, 18Del Cyg,2.87,-0.03
297.686667,-59.193056,7531,HR7531,5.42,0.08
296.606667,33.727778,7534, 17    Cyg,4.99,0.47
296.847083,18.534167,7536,  7Del Sge,3.82,1.41
297.5575,-47.557222,7537,HR7537,5.94,1.7
296.9525,25.383889,7540,HR7540,5.95,0.99
296.865833,38.4075,7543,HR7543,5.77,-0.06
297.175417,11.815833,7544, 52Pi  Aql,5.72,
296.077083,69.336944,7545,HR7545,5.92,0.05
297.244583,19.142222,7546,  8Zet Sge,5.0,0.1
298.156667,-54.971111,7548,HR7548,5.74,0.92
297.960833,-39.874444,7552,HR7552,5.33,-0.06
297.695,-10.763611,7553, 51    Aql,5.39,0.38
297.695833,8.868333,7557, 53Alp Aql,0.77,0.22
297.756667,10.415556,7560, 54Omi Aql,5.11,0.55
298.05,-19.045,7561, 57    Sgr,5.92,0.98
297.64125,32.914167,7564,   Chi Cyg,4.23,1.82
297.767083,22.61,7565, 12    Vul,4.95,-0.14
297.641667,38.7225,7566, 19    Cyg,5.12,1.69
297.655417,40.599722,7567,HR7567,5.69,-0.04
298.118333,1.005556,7570, 55Eta Aql,3.9,0.89
298.006667,24.992222,7573,HR7573,5.57,0.71
298.327917,-3.114444,7575,HR7575,5.65,0.2
297.657083,52.988056,7576, 20    Cyg,5.03,1.28
299.672083,-69.163889,7579,HR7579,5.75,0.23
298.815417,-41.868333,7581,   Iot Sgr,4.13,1.08
297.043333,70.267778,7582, 63Eps Dra,3.83,0.89
298.534167,-8.574167,7584, 56    Aql,5.79,1.64
299.275833,-58.901389,7587,HR7587,5.26,-0.01
297.99625,47.0275,7589,HR7589,5.62,-0.07
300.147917,-72.910556,7590,   Eps Pav,3.96,-0.03
298.03,47.931944,7591,HR7591,5.91,-0.18
298.365417,24.079722,7592, 13    Vul,4.58,-0.06
298.656667,-8.227222,7593, 57    Aql,5.71,-0.08
298.562083,8.461389,7595, 59Xi  Aql,4.71,1.05
298.686667,0.273611,7596, 58    Aql,5.61,0.1
298.96,-26.299444,7597, 58Ome Sgr,4.7,0.75
298.629583,24.319444,7601,HR7601,5.52,-0.02
298.828333,6.406667,7602, 60Bet Aql,3.71,0.86
300.095833,-66.949444,7603,   Mu 1Pav,5.76,1.04
299.236667,-27.17,7604, 59    Sgr,4.52,1.46
298.70125,36.996111,7606,HR7606,5.76,0.75
298.3225,57.523611,7608, 23    Cyg,5.14,-0.13
299.005417,16.634722,7609, 10    Sge,5.36,0.67
299.059583,11.423889,7610, 61Phi Aql,5.28,-0.01
300.468333,-66.944167,7612,   Mu 2Pav,5.31,1.22
298.965417,38.486667,7613, 22    Cyg,4.94,-0.08
299.4875,-15.491389,7614, 61    Sgr,5.02,0.05
299.076667,35.083333,7615, 21Eta Cyg,3.89,1.02
299.738333,-26.195556,7618, 60    Sgr,4.83,0.9
298.9075,52.438889,7619, 24Psi Cyg,4.92,0.12
299.439167,16.789167,7622, 11    Sge,5.53,-0.05
299.934167,-35.276389,7623,   The1Sgr,4.37,-0.15
299.96375,-34.697778,7624,   The2Sgr,5.3,0.17
300.43625,-59.376111,7625,HR7625,5.13,1.53
299.307917,40.368056,7628,HR7628,5.45,-0.1
300.06625,-37.702222,7629,HR7629,5.95,1.0
300.20125,-45.113056,7630,HR7630,5.81,0.28
300.084583,-33.703889,7631,HR7631,5.66,0.49
298.980833,58.846111,7633,HR7633,4.96,1.59
299.689167,19.492222,7635, 12Gam Sge,3.47,1.57
299.9475,-9.958333,7637,HR7637,5.88,0.58
299.658333,30.983611,7640,HR7640,5.49,-0.06
299.79375,23.101389,7641, 14    Vul,5.67,
300.01375,17.516667,7645, 13    Sge,5.37,1.67
299.835417,45.772222,7646,HR7646,5.92,0.16
299.98,37.042778,7647, 25    Cyg,5.19,-0.17
300.245417,8.558056,7648,HR7648,5.91,1.52
300.494167,-13.636944,7649, 63    Sgr,5.71,0.08
300.664583,-27.709722,7650, 62    Sgr,4.58,1.65
300.889583,-37.940833,7652,HR7652,4.77,1.41
300.275417,27.753611,7653, 15    Vul,4.64,0.18
299.619583,63.534167,7654,HR7654,5.96,0.09
300.43625,24.800278,7656,HR7656,5.88,-0.12
300.505833,24.938056,7657, 16    Vul,5.22,0.36
301.081667,-32.056389,7659,HR7659,4.99,1.21
300.34,50.104722,7660, 26    Cyg,5.05,1.11
300.818333,18.500556,7662,HR7662,5.96,1.42
300.875,16.031389,7664,HR7664,5.67,-0.1
302.181667,-66.181944,7665,   Del Pav,3.56,0.76
301.096667,-0.709444,7667, 62    Aql,5.68,1.3
301.034583,7.278056,7669, 63Tau Aql,5.52,1.06
300.905833,29.896667,7670,HR7670,5.71,0.73
301.025833,17.07,7672, 15    Sge,5.8,0.61
301.846667,-52.880833,7673,   Xi  Tel,4.94,1.62
300.36875,64.821111,7676, 64    Dra,5.27,1.56
301.150417,32.218611,7678,HR7678,5.64,0.54
301.289583,19.991111,7679, 16Eta Sge,5.1,1.06
300.704583,67.873611,7685, 67Rho Dra,4.51,1.32
301.7225,23.614444,7688, 17    Vul,5.07,-0.18
301.590833,35.9725,7689, 27    Cyg,5.36,0.85
302.0075,-0.678333,7690, 64    Aql,5.99,1.02
301.5575,53.165833,7697,HR7697,5.85,0.39
301.386667,61.995556,7701, 66    Dra,5.39,1.18
302.799583,-36.101111,7703,HR7703,5.32,0.87
302.356667,36.839722,7708, 28    Cyg,4.93,-0.13
302.82625,-0.821389,7710, 65The Aql,3.23,-0.07
302.639583,26.904167,7711, 18    Vul,5.52,0.08
303.579167,-52.445556,7714,HR7714,5.65,1.5
303.107917,-12.6175,7715,  2Xi 2Cap,5.85,0.48
302.95,26.808889,7718, 19    Vul,5.49,1.41
303.002917,26.478889,7719, 20    Vul,5.92,-0.11
303.307917,-1.009444,7720, 66    Aql,5.47,1.43
303.8225,-27.032778,7722,HR7722,5.73,0.88
303.569167,15.1975,7724, 67Rho Aql,4.95,0.08
302.895417,62.078611,7727, 68    Dra,5.75,0.47
303.325,46.815833,7730, 30    Cyg,4.83,0.09
303.560417,28.694722,7731, 21    Vul,5.18,0.18
303.407917,46.741389,7735, 31    Cyg,3.79,1.28
303.633333,36.806389,7736, 29    Cyg,4.97,0.14
303.81625,25.591944,7739,HR7739,4.78,-0.18
303.349583,56.567778,7740, 33    Cyg,4.3,0.11
303.875833,23.508611,7741, 22    Vul,5.15,1.04
303.365417,60.640556,7742,HR7742,5.79,1.47
303.84875,33.729444,7743,HR7743,5.66,0.91
303.942083,27.814167,7744, 23    Vul,4.52,1.26
304.412083,-12.508333,7747,  5Alp1Cap,4.24,1.07
304.505833,-21.81,7748,  4    Cap,5.87,1.0
302.222083,77.711389,7750,  1Kap Cep,4.39,-0.05
303.867917,47.714444,7751, 32    Cyg,3.98,1.52
304.19625,24.671111,7753, 24    Vul,5.32,0.95
304.51375,-12.544722,7754,  6Alp2Cap,3.57,0.94
304.0025,45.579444,7756,HR7756,5.91,0.38
304.230417,40.365,7759,HR7759,5.24,1.65
304.848333,-19.118611,7761,  7Sig Cap,5.28,1.4
304.446667,38.033056,7763, 34    Cyg,4.81,0.42
304.529167,40.732222,7767,HR7767,5.84,0.1
304.619167,37.0,7769, 36    Cyg,5.58,0.06
304.662917,34.982778,7770, 35    Cyg,5.17,0.65
305.165833,-12.759167,7773,  8Nu  Cap,4.76,-0.05
305.000833,13.548056,7774,HR7774,5.95,0.31
305.252917,-14.781389,7776,  9Bet Cap,3.08,0.79
305.614583,-42.049722,7779,   Kap1Sgr,5.59,0.0
305.089167,17.793056,7780,HR7780,5.8,1.49
304.603333,55.397222,7781,HR7781,5.76,0.11
304.380417,66.853889,7783,HR7783,5.93,0.58
308.322917,-80.965,7785,HR7785,5.77,1.14
305.971667,-42.422778,7787,   Kap2Sgr,5.64,0.2
305.514167,24.446111,7789, 25    Vul,5.54,-0.06
306.412083,-56.735,7790,   Alp Pav,1.94,-0.2
304.902917,62.2575,7792, 71    Dra,5.72,-0.05
305.794583,5.343056,7794,HR7794,5.31,0.97
305.557083,40.256667,7796, 37Gam Cyg,2.2,0.68
305.5225,45.795,7798,HR7798,5.58,1.08
305.68875,41.026111,7800,HR7800,5.93,1.6
306.361667,-28.663333,7801,HR7801,5.85,1.1
305.025,68.880278,7804,HR7804,5.55,1.59
305.2975,63.980278,7805,HR7805,5.69,1.56
305.965417,32.19,7806, 39    Cyg,4.43,1.33
305.935,37.476389,7807,HR7807,5.9,-0.2
306.41875,21.409722,7811,HR7811,5.66,0.93
309.5775,-81.288889,7812,HR7812,5.91,1.71
306.83,-18.211667,7814, 10Pi  Cap,5.25,-0.07
307.215,-17.813611,7822, 11Rho Cap,4.78,0.38
306.892917,38.440278,7826, 40    Cyg,5.62,0.06
306.759583,49.383333,7828, 43    Cyg,5.69,0.26
307.474583,-18.583333,7830, 12Omi Cap,5.94,0.08
307.4125,-2.885556,7831, 69    Aql,4.91,1.15
307.34875,30.368611,7834, 41    Cyg,4.01,0.4
307.335,36.454722,7835, 42    Cyg,5.88,0.52
307.362917,56.068056,7843,HR7843,5.91,-0.04
307.514583,48.951667,7844, 45Ome1Cyg,4.95,-0.09
308.09875,-9.853333,7845,HR7845,5.65,0.69
308.479583,-44.516111,7846,   Nu  Mic,5.11,1.01
308.895,-60.581667,7848,   Phi1Pav,4.76,0.28
307.395417,62.994167,7850,  2The Cep,4.22,0.2
307.828333,49.220278,7851, 46Ome2Cyg,5.44,1.55
308.303333,11.303333,7852,  2Eps Del,4.03,-0.13
308.4875,13.027222,7858,  3Eta Del,5.38,0.07
309.397083,-61.53,7859,   Rho Pav,4.88,0.43
310.512083,-76.180556,7863,   Mu 1Oct,6.0,0.44
308.475833,35.250833,7866, 47    Cyg,4.61,1.6
309.391667,-47.291389,7869,   Alp Ind,3.11,1.0
308.47875,46.693889,7870,HR7870,5.78,-0.16
308.827083,14.674167,7871,  4Zet Del,4.68,0.11
309.181667,-2.55,7873, 70    Aql,4.89,1.6
310.010833,-60.548889,7875,   Phi2Pav,5.12,0.53
307.876667,74.954722,7879, 73    Dra,5.2,0.07
309.269583,26.461944,7880, 27    Vul,5.59,-0.07
310.487917,-66.760833,7881,   Ups Pav,5.15,-0.06
309.3875,14.595278,7882,  6Bet Del,3.63,0.44
309.454583,11.377778,7883,  5Iot Del,5.43,0.06
309.584583,-1.105278,7884, 71    Aql,4.32,0.95
309.818333,-14.954722,7889, 14Tau Cap,5.22,-0.12
309.630417,21.201111,7891, 29    Vul,4.82,-0.02
309.682917,13.315,7892,  8The Del,5.72,1.53
310.0825,-33.431944,7893,HR7893,5.47,1.12
309.632917,24.116111,7894, 28    Vul,5.04,-0.14
309.64625,23.680556,7895,HR7895,5.91,0.98
309.7825,10.086111,7896,  7Kap Del,5.05,0.72
309.85375,0.486389,7897,  1    Aqr,5.16,1.06
309.770833,15.838056,7899,HR7899,5.97,-0.14
310.0125,-18.138611,7900, 15Ups Cap,5.1,1.66
307.060833,81.422778,7901, 75    Dra,5.46,1.02
309.747917,30.334444,7904,HR7904,5.68,1.09
310.135417,-16.124167,7905,HR7905,5.8,1.0
309.909583,15.911944,7906,  9Alp Del,3.77,-0.06
307.364583,81.091389,7908, 74    Dra,5.96,0.92
310.34875,-31.598333,7909,HR7909,5.76,1.53
311.239583,-66.203056,7913,   Bet Pav,3.42,0.16
310.3175,14.583056,7918, 10    Del,5.99,1.24
310.012917,43.458611,7919,HR7919,5.95,1.19
311.009583,-51.921111,7920,   Eta Ind,4.51,0.27
310.260833,32.307222,7921, 49    Cyg,5.51,0.88
310.357917,45.280278,7924, 50Alp Cyg,1.25,0.09
310.485417,41.716944,7926,HR7926,5.67,-0.12
310.864583,15.074444,7928, 11Del Del,4.43,0.32
310.5525,50.34,7929, 51    Cyg,5.39,-0.1
311.58375,-39.199167,7933,HR7933,5.5,-0.1
312.325417,-68.776389,7934,   Sig Pav,5.41,1.12
311.52375,-25.270833,7936, 16Psi Cap,4.14,0.43
311.541667,-21.514167,7937, 17    Cap,5.93,0.04
311.21875,25.270556,7939, 30    Vul,4.91,1.18
311.415417,30.719722,7942, 52    Cyg,4.22,1.05
312.121667,-43.988611,7943,   Iot Mic,5.11,0.35
311.091667,56.488056,7944,HR7944,5.78,1.67
310.795833,66.6575,7945,  4    Cep,5.58,0.22
311.66125,16.124444,7947, 12Gam1Del,5.14,0.49
311.664583,16.124167,7948, 12Gam2Del,4.27,1.04
311.552917,33.970278,7949, 53Eps Cyg,2.46,1.03
311.919167,-9.495833,7950,  2Eps Aqr,3.77,0.0
311.934167,-5.027778,7951,  3    Aqr,4.42,1.65
312.370833,-46.226944,7952,   Zet Ind,4.89,1.52
311.95125,6.008333,7953, 13    Del,5.58,-0.02
311.337917,57.579722,7955,HR7955,4.51,0.54
311.795,34.374167,7956,HR7956,4.92,1.32
311.3225,61.838889,7957,  3Eta Cep,3.43,0.92
312.323333,-25.781389,7961,HR7961,5.86,-0.07
311.852083,36.490833,7963, 54Lam Cyg,4.53,-0.11
312.492083,-33.779722,7965,   Alp Mic,4.9,1.0
312.875417,-51.608333,7968,   Iot Ind,5.05,1.13
311.955417,47.831944,7969,HR7969,5.57,1.46
312.752917,-37.913333,7971,HR7971,5.52,1.38
312.4075,12.545278,7973, 15    Del,5.98,0.43
312.674167,-12.545,7976,HR7976,5.88,1.07
312.234583,46.114167,7977, 55    Cyg,4.84,0.41
312.955417,-26.919167,7980, 18Ome Cap,4.11,1.64
312.857083,-5.626389,7982,  4    Aqr,5.99,0.46
312.520417,44.059444,7984, 56    Cyg,5.04,0.2
313.03625,-5.506944,7985,  5    Aqr,5.55,-0.08
313.7025,-58.454167,7986,   Bet Ind,3.65,1.25
313.4175,-39.81,7987,HR7987,5.35,1.32
312.8675,28.250556,7988,HR7988,5.77,0.72
313.163333,-8.983333,7990,  6Mu  Aqr,4.73,0.32
313.032083,27.096944,7995, 31    Vul,4.59,0.83
313.699583,-17.923056,8000, 19    Cap,5.78,1.12
313.311667,44.387222,8001, 57    Cyg,4.78,-0.14
310.646667,82.531111,8002, 76    Dra,5.75,0.0
313.3275,45.181944,8003,HR8003,5.45,1.1
313.474583,33.437778,8005,HR8005,5.47,1.52
313.64,28.0575,8008, 32    Vul,5.01,1.48
313.902917,13.721389,8011, 17    Del,5.17,1.12
313.910833,12.568611,8012, 16    Del,5.58,0.12
314.197083,-26.296389,8013,HR8013,5.7,0.5
314.225,-9.6975,8015,  7    Aqr,5.51,1.47
311.889167,80.552222,8016,HR8016,5.39,1.12
314.419167,-16.031667,8018,HR8018,5.87,0.18
313.9575,47.417778,8020,HR8020,5.67,0.47
316.179167,-77.023889,8021,   Alp Oct,5.15,0.49
314.144583,44.925,8023,HR8023,5.96,0.05
314.10625,50.728611,8025,HR8025,5.81,0.3
314.107917,49.195833,8026,HR8026,5.9,1.04
315.089583,-51.265278,8027,HR8027,5.76,0.47
314.293333,41.167222,8028, 58Nu  Cyg,3.94,0.02
314.607917,10.839167,8030, 18    Del,5.48,0.93
314.568333,22.325833,8032, 33    Vul,5.31,1.4
314.768333,4.293611,8034,  1Eps Equ,5.23,0.46
314.58125,44.471667,8035,HR8035,5.55,0.97
315.01625,7.516389,8038,HR8038,5.99,0.26
315.322917,-32.257778,8039,   Gam Mic,4.67,0.89
314.625417,50.462222,8040,HR8040,5.61,-0.15
315.115417,19.329444,8044,HR8044,5.65,1.61
315.613333,-38.530556,8046,HR8046,5.94,1.11
314.956667,47.521111,8047, 59    Cyg,4.74,-0.05
315.741667,-38.631667,8048,   Zet Mic,5.3,0.41
314.855833,59.438611,8049,HR8049,5.51,1.4
315.30375,36.026111,8051,HR8051,5.97,0.98
315.295417,46.155833,8053, 60    Cyg,5.37,-0.21
316.309167,-54.727222,8055,   Mu  Ind,5.16,1.21
316.019583,-5.823056,8059, 12    Aqr,5.89,0.68
316.10125,-19.855,8060, 22Eta Cap,4.84,0.17
317.342917,-73.173056,8061,HR8061,5.68,0.59
315.537917,56.669722,8065,HR8065,5.83,-0.07
316.144583,5.502778,8066,  3    Equ,5.61,1.65
316.60625,-41.386111,8069,   Eta Mic,5.53,1.35
316.505,-30.125,8070,   Del Mic,5.68,1.03
317.137083,-63.928889,8073,HR8073,5.76,1.18
316.486667,-17.232778,8075, 23The Cap,4.07,-0.01
316.602917,-32.341667,8076,HR8076,5.18,1.1
316.36125,5.958333,8077,  4    Equ,5.94,0.54
315.948333,53.286111,8078,HR8078,5.9,0.99
316.232917,43.927778,8079, 62Xi  Cyg,3.72,1.65
316.782083,-25.005833,8080, 24    Cap,4.5,1.61
316.62625,31.184722,8084,HR8084,5.82,0.56
316.7275,38.745833,8085, 61    Cyg,5.21,1.18
317.14,-21.193611,8087, 25Chi Cap,5.3,0.01
316.650417,47.648333,8089, 63    Cyg,4.55,1.57
318.335417,-70.126389,8092,   Omi Pav,5.02,1.58
317.39875,-11.371667,8093, 13Nu  Aqr,4.51,0.94
317.162083,30.205833,8094,HR8094,5.59,-0.1
317.585417,10.131667,8097,  5Gam Equ,4.69,0.26
316.597083,71.431944,8099,HR8099,5.87,0.4
318.056667,-40.269444,8100,HR8100,5.83,0.45
318.262917,-39.425278,8104,HR8104,5.26,0.44
317.565,53.563333,8106,HR8106,5.73,-0.12
318.32875,-36.423889,8108,HR8108,5.96,0.98
318.322083,-27.619444,8110,HR8110,5.42,1.42
316.372083,78.126389,8112,HR8112,5.91,-0.07
318.94125,-53.263056,8114,HR8114,5.75,0.19
318.234167,30.226944,8115, 64Zet Cyg,3.2,0.99
317.950833,59.986389,8119,HR8119,5.64,0.11
318.620417,10.006944,8123,  7Del Equ,4.49,0.5
318.907917,-20.651667,8127, 28Phi Cap,5.24,1.17
318.937083,-15.171389,8128, 29    Cap,5.28,1.64
318.697917,38.045556,8130, 65Tau Cyg,3.72,0.39
318.955833,5.247778,8131,  8Alp Equ,3.92,0.53
319.484583,-32.1725,8135,   Eps Mic,4.71,0.06
319.48875,-17.985278,8137, 30    Cap,5.43,-0.12
319.966667,-53.449722,8140,   The Ind,4.39,0.19
319.54625,-4.519444,8141, 15    Aqr,5.82,-0.13
319.354167,39.394722,8143, 67Sig Cyg,4.23,0.12
320.039583,-45.022222,8145,HR8145,6.0,2.33
319.479583,34.896944,8146, 66Ups Cyg,4.43,-0.11
319.716667,11.203333,8149,HR8149,5.96,1.65
319.309583,55.798056,8150,HR8150,5.98,1.45
320.19,-40.809722,8151,   The1Mic,4.82,0.02
319.613333,43.945833,8154, 68    Cyg,5.0,-0.01
319.8425,38.2375,8157,HR8157,5.83,0.5
320.267917,-4.56,8160, 16    Aqr,5.87,0.92
319.87,49.510278,8161,HR8161,5.76,-0.15
319.645,62.585556,8162,  5Alp Cep,2.44,0.22
320.27,7.354444,8163,  9    Equ,5.82,1.66
319.815833,58.623611,8164,HR8164,5.66,1.38
320.268333,23.855833,8165,HR8165,5.57,1.05
320.20875,32.452778,8166,HR8166,5.68,1.08
320.561667,-16.834444,8167, 32Iot Cap,4.28,0.9
318.925833,77.012222,8168,HR8168,5.95,1.5
319.8425,64.871944,8171,  6    Cep,5.18,-0.04
320.752083,-22.668889,8172,HR8172,5.6,1.63
320.521667,19.804444,8173,  1    Peg,4.08,1.11
320.734583,-9.319444,8175, 17    Aqr,5.99,1.54
320.723333,6.811111,8178, 10Bet Equ,5.16,0.05
321.103333,-41.006667,8180,   The2Mic,5.77,-0.05
321.610833,-65.366111,8181,   Gam Pav,4.22,0.49
321.04,-20.851944,8183, 33    Cap,5.41,1.16
320.501667,49.388889,8185,HR8185,5.69,1.1
321.047917,-12.878056,8187, 18    Aqr,5.49,0.29
320.995,24.274167,8190,HR8190,5.71,0.32
321.304583,-9.748611,8195, 19    Aqr,5.7,0.2
322.187083,-69.505278,8196,HR8196,5.34,1.55
321.141667,26.174444,8198,HR8198,5.68,0.31
321.320833,-3.556667,8199, 21    Aqr,5.49,1.46
321.595417,-37.829444,8200,HR8200,5.63,1.19
321.756667,-42.547778,8202,HR8202,5.51,0.39
321.666667,-22.411389,8204, 34Zet Cap,3.74,1.0
321.811667,-21.196111,8207, 35    Cap,5.78,1.44
321.331667,46.714444,8208,HR8208,5.6,0.32
321.445833,36.6675,8209, 69    Cyg,5.94,-0.08
322.180833,-21.807222,8213, 36    Cap,4.51,0.91
321.839167,37.116667,8215, 70    Cyg,5.31,-0.14
321.715,48.835,8216,HR8216,5.31,0.07
321.917083,27.608611,8217, 35    Vul,5.41,0.04
322.034583,32.225278,8220,HR8220,5.8,0.32
322.249583,22.179444,8223,HR8223,5.93,1.53
322.487083,23.638889,8225,  2    Peg,4.57,1.62
321.942083,66.809167,8227,  7    Cep,5.44,-0.11
322.3625,46.540556,8228, 71    Cyg,5.24,0.97
323.024583,-41.179167,8229,   Xi  Gru,5.29,1.1
323.060833,-33.944722,8230,  6    PsA,5.97,0.05
322.889583,-5.571111,8232, 22Bet Aqr,2.91,0.83
323.347917,-44.848611,8236,HR8236,5.57,1.04
322.165,70.560833,8238,  8Bet Cep,3.23,-0.22
321.207083,80.524722,8239,HR8239,5.97,0.92
322.747083,60.459444,8243,HR8243,5.53,0.12
323.7125,-20.084444,8245, 37    Cap,5.69,0.4
323.235833,49.977778,8246,HR8246,5.75,-0.03
323.823333,-3.983056,8251,HR8251,5.77,1.11
323.495417,45.591944,8252, 73Rho Cyg,4.02,0.89
324.045833,-26.171389,8253,  8    PsA,5.73,0.22
325.36875,-77.39,8254,   Nu  Oct,3.76,1.0
323.694167,38.534167,8255, 72    Cyg,4.9,1.08
324.27,-19.466111,8260, 39Eps Cap,4.68,-0.17
324.01,45.374722,8262,HR8262,5.53,1.58
324.437917,-7.854167,8264, 23Xi  Aqr,4.69,0.17
324.2375,40.413611,8266, 74    Cyg,5.01,0.18
324.439167,19.318611,8267,  5    Peg,5.45,0.3
324.632917,5.771667,8270,  4    Peg,5.67,0.25
324.754583,20.265278,8276,HR8276,5.85,0.32
324.88875,2.243611,8277, 25    Aqr,5.1,1.04
325.022917,-16.662222,8278, 40Gam Cap,3.68,0.32
324.48,62.081944,8279,  9    Cep,4.73,0.3
327.72625,-82.719167,8280,   Lam Oct,5.29,0.75
324.74,57.489167,8281,HR8281,5.62,0.21
325.387083,-14.0475,8283, 42    Cap,5.18,0.65
325.04625,43.273889,8284, 75    Cyg,5.11,1.6
325.503333,-23.262778,8285, 41    Cap,5.24,0.95
325.542083,1.285278,8287, 26    Aqr,5.67,1.44
325.664583,-18.866389,8288, 43Kap Cap,4.73,0.88
325.564583,5.68,8289,  7    Peg,5.3,1.64
325.768333,-14.399722,8295, 44    Cap,5.88,0.25
325.595417,41.077222,8300, 77    Cyg,5.69,0.01
325.52375,51.189722,8301, 80Pi 1Cyg,4.67,-0.12
326.004167,-14.749444,8302, 45    Cap,5.99,0.21
326.236667,-33.025833,8305,  9Iot PsA,4.34,-0.05
325.776667,41.155,8306,HR8306,5.49,1.59
325.857083,38.283889,8307, 79    Cyg,5.65,0.0
326.046667,9.875,8308,  8Eps Peg,2.39,1.53
326.035833,28.742778,8309, 78Mu 1Cyg,4.73,0.48
326.25125,-9.0825,8311, 46    Cap,5.09,1.11
326.127917,17.35,8313,  9    Peg,4.34,1.17
326.130417,14.771944,8314,HR8314,5.94,0.59
326.16125,25.645,8315, 10Kap Peg,4.13,0.43
325.876667,58.78,8316,   Mu  Cep,4.08,2.35
325.480417,71.311389,8317, 11    Cep,4.56,1.1
326.567917,-9.275833,8318, 47    Cap,6.0,1.66
326.63375,-11.365833,8319, 48Lam Cap,5.58,-0.01
326.518333,22.948889,8321, 12    Peg,5.29,1.41
326.76,-16.127222,8322, 49Del Cap,2.87,0.29
327.065833,-47.303611,8323,HR8323,5.58,0.6
325.766667,72.320278,8324,HR8324,5.17,1.05
326.934167,-30.898333,8326, 10The PsA,5.01,0.04
326.222083,62.460556,8327,HR8327,5.95,0.31
326.808333,2.686111,8328, 11    Peg,5.64,0.0
327.500417,-64.7125,8331,HR8331,5.62,1.02
327.69625,-69.629444,8333,   Omi Ind,5.53,1.37
326.362083,61.120833,8334, 10Nu  Cep,4.29,0.52
326.698333,49.309444,8335, 81Pi 2Cyg,4.23,-0.12
326.855417,60.692778,8339, 12    Cep,5.52,1.52
327.46125,30.174167,8343, 14    Peg,5.04,-0.03
327.53625,17.285556,8344, 13    Peg,5.29,0.37
327.8925,19.826667,8348,HR8348,5.77,-0.1
328.324167,-13.551667,8351, 51Mu  Cap,5.08,0.37
328.797917,-61.886389,8352,HR8352,5.9,0.39
328.482083,-37.365,8353,   Gam Gru,3.01,-0.12
328.124583,28.793333,8354, 15    Peg,5.53,0.42
328.265833,25.925,8356, 16    Peg,5.08,-0.17
328.004167,55.796944,8357,HR8357,5.71,-0.13
328.405833,19.668333,8358,HR8358,5.68,0.01
328.543333,-4.276111,8360,HR8360,5.71,1.18
329.095,-37.253611,8366,HR8366,5.46,0.08
329.479583,-54.9925,8368,   Del Ind,4.4,0.28
328.721667,56.611389,8371, 13    Cep,5.8,0.73
329.235,12.076389,8373, 17    Peg,5.54,0.05
328.879583,65.320833,8375,HR8375,5.86,-0.06
329.824583,-38.395278,8379,HR8379,5.5,1.0
330.765833,-76.118611,8380,HR8380,5.95,0.39
329.162917,63.625556,8383,HR8383,4.91,1.77
330.032917,6.7175,8385, 18    Peg,6.0,-0.12
330.209167,-28.453611,8386, 12Eta PsA,5.42,-0.09
330.84,-56.786111,8387,   Eps Ind,4.69,1.06
329.7225,62.698333,8388,HR8388,5.93,1.67
330.270833,0.605,8390, 28    Aqr,5.58,1.28
330.2725,13.119722,8392, 20    Peg,5.6,0.34
330.288333,8.257222,8393, 19    Peg,5.65,1.44
329.8125,73.18,8400, 16    Cep,5.03,0.44
330.818333,-6.5225,8401, 30    Aqr,5.54,0.96
330.82875,-2.155278,8402, 31Omi Aqr,4.69,-0.06
330.460833,52.882222,8403,HR8403,5.78,-0.11
330.829167,11.386389,8404, 21    Peg,5.8,-0.07
330.519167,58.000556,8406, 14    Cep,5.56,0.06
330.73625,44.65,8407,HR8407,5.6,-0.03
331.153333,-26.8225,8408,HR8408,5.96,-0.14
331.462083,-59.636111,8409,   Kap2Ind,5.62,1.46
331.1975,-0.906667,8410, 32    Aqr,5.3,0.23
331.52875,-39.543333,8411,   Lam Gru,4.46,1.37
331.42,5.058611,8413, 22Nu  Peg,4.84,1.44
331.445833,-0.319722,8414, 34Alp Aqr,2.96,0.98
331.2975,26.673889,8415,HR8415,5.78,1.25
330.970417,63.119722,8416, 18    Cep,5.29,1.58
330.9475,64.627778,8417, 17Xi  Cep,4.29,0.34
331.609167,-13.869722,8418, 33Iot Aqr,4.27,-0.07
331.394583,28.963889,8419, 23    Peg,5.7,-0.06
331.508333,45.014444,8424,HR8424,5.14,1.57
332.058333,-46.961111,8425,   Alp Gru,1.74,-0.13
331.252083,62.785556,8426, 20    Cep,5.27,1.41
331.287083,62.28,8428, 19    Cep,5.11,0.08
331.752917,25.345,8430, 24Iot Peg,3.76,0.44
332.095833,-32.988611,8431, 14Mu  PsA,4.5,0.05
332.108333,-34.043889,8433,   Ups PsA,4.99,1.48
331.869167,19.475556,8435,HR8435,5.75,
331.959583,21.702778,8438, 25    Peg,5.78,-0.1
332.245833,-18.519722,8439, 35    Aqr,5.81,-0.17
332.482083,-34.014722,8444,HR8444,5.37,0.24
332.536667,-32.548333,8447, 15Tau PsA,4.92,0.48
332.306667,33.172222,8449, 27Pi 1Peg,5.58,1.0
332.55,6.197778,8450, 26The Peg,3.53,0.08
332.65625,-11.565,8452, 38    Aqr,5.46,-0.12
332.496667,33.178333,8454, 29Pi 2Peg,4.29,0.46
332.655833,11.624444,8458,HR8458,5.78,1.58
332.96375,16.040556,8461,HR8461,5.95,0.95
332.79125,50.823333,8463,HR8463,5.4,0.15
332.71375,58.201111,8465, 21Zet Cep,3.35,1.57
333.033333,24.95,8466,HR8466,5.92,1.51
332.451667,72.341111,8468, 24    Cep,4.79,0.92
332.877917,59.414444,8469, 22Lam Cep,5.04,0.25
333.435,-25.180833,8470,HR8470,5.58,0.49
334.460417,-77.511667,8471,   Psi Oct,5.51,0.31
332.953333,56.839444,8472,HR8472,5.24,0.51
332.662083,70.132778,8474,HR8474,5.5,0.38
333.199167,34.604722,8475,HR8475,5.33,1.13
333.578333,-27.766944,8478, 16Lam PsA,5.43,-0.16
333.007917,60.759444,8479,HR8479,5.35,1.17
333.575,-21.074167,8480, 41    Aqr,5.32,0.8
335.00625,-80.439722,8481,   Eps Oct,5.1,1.47
333.410833,28.608333,8482,HR8482,5.89,1.15
333.092917,63.291389,8483,HR8483,5.79,1.67
333.469583,39.715,8485,HR8485,4.49,1.39
333.90375,-41.346667,8486,   Mu 1Gru,4.79,0.8
333.455417,45.440833,8487,HR8487,5.53,0.04
334.110833,-41.6275,8488,   Mu 2Gru,5.1,0.92
333.685,42.953889,8489,HR8489,5.71,0.0
333.758333,57.043611,8494, 23Eps Cep,4.19,0.28
334.200417,-12.831389,8496, 42    Aqr,5.34,1.14
333.9925,37.748889,8498,  1    Lac,4.13,1.46
334.208333,-7.783333,8499, 43The Aqr,4.16,0.98
334.219167,-9.04,8500,HR8500,5.79,1.16
334.565,-53.627778,8501,HR8501,5.37,0.6
334.625417,-60.259722,8502,   Alp Tuc,2.86,1.39
334.277083,-5.387222,8504, 44    Aqr,5.75,0.88
337.905833,-85.967222,8505,   Ups Oct,5.77,1.02
334.110417,57.220278,8506,HR8506,5.88,0.93
334.753333,-13.305,8508, 45    Aqr,5.95,1.06
334.552917,62.804444,8511, 25    Cep,5.75,1.26
335.049583,-7.821111,8512, 46Rho Aqr,5.37,-0.06
335.115,5.789444,8513, 30    Peg,5.37,-0.02
336.153333,-72.255556,8515,   Nu  Ind,5.29,0.65
335.398333,-21.598333,8516, 47    Aqr,5.13,1.07
335.414167,-1.387222,8518, 48Gam Aqr,3.84,-0.05
335.379583,12.205278,8520, 31    Peg,5.01,-0.13
335.330417,28.330556,8522, 32    Peg,4.81,0.0
335.256667,46.536667,8523,  2    Lac,4.57,-0.1
335.783333,-45.928611,8524,   Pi 2Gru,5.62,0.36
336.29375,-70.431667,8527,HR8527,5.78,0.38
335.87875,-24.7625,8529, 49    Aqr,5.53,0.99
335.88375,-7.194444,8530,HR8530,5.93,1.0
336.235,-57.797222,8531,HR8531,5.32,0.67
336.02875,-4.836944,8533, 51    Aqr,5.78,-0.04
336.112917,-13.529444,8534, 50    Aqr,5.76,0.97
335.89,52.229167,8538,  3Bet Lac,4.43,1.02
336.319167,1.3775,8539, 52Pi  Aqr,4.66,-0.03
336.833333,-64.966389,8540,   Del Tuc,4.48,-0.03
336.129167,49.476389,8541,  4    Lac,4.57,0.09
333.294167,86.108056,8546,HR8546,5.27,-0.03
337.157083,-67.489167,8547,HR8547,5.55,0.2
336.655833,4.393611,8548, 34    Peg,5.75,0.52
336.964583,4.695556,8551, 35    Peg,4.79,1.05
337.163333,-39.131944,8552,   Nu  Gru,5.47,0.95
336.9425,31.840278,8555,HR8555,5.98,1.45
337.3175,-43.495556,8556,   Del1Gru,3.97,1.03
336.503333,70.770833,8557,HR8557,5.47,1.2
337.207083,-0.020278,8558, 55Zet1Aqr,4.59,
337.20875,-0.02,8559, 55Zet2Aqr,4.42,0.38
337.439583,-43.749444,8560,   Del2Gru,4.11,1.57
336.772083,65.132222,8561, 26    Cep,5.46,0.37
337.283333,9.128889,8562, 36    Peg,5.58,1.55
337.441667,-27.107222,8563,HR8563,5.95,0.33
337.2925,26.763056,8564,HR8564,5.79,1.25
337.491667,4.431667,8566, 37    Peg,5.48,0.38
337.292917,58.415278,8571, 27Del Cep,3.75,0.6
337.3825,47.706944,8572,  5    Lac,4.36,1.68
337.661667,-10.678056,8573, 57Sig Aqr,4.82,-0.06
337.5075,32.5725,8574, 38    Peg,5.65,-0.04
337.87625,-32.346111,8576, 17Bet PsA,4.29,0.01
336.677083,78.785833,8578, 28Rho1Cep,5.83,0.15
337.622083,43.123333,8579,  6    Lac,4.51,-0.09
338.250417,-61.982222,8582,   Nu  Tuc,4.81,1.61
337.822917,50.2825,8585,  7Alp Lac,3.77,0.01
338.11,39.779722,8588,HR8588,5.88,0.16
338.512083,-1.574167,8590, 60    Aqr,5.89,0.99
337.470417,78.824167,8591, 29Rho2Cep,5.5,0.06
338.673333,-20.708333,8592, 59Ups Aqr,5.2,0.44
338.419167,56.625,8594,HR8594,5.71,0.96
338.902083,-23.991111,8596,HR8596,5.97,0.99
338.839167,-0.1175,8597, 62Eta Aqr,4.02,-0.09
338.0675,76.226389,8599,HR8599,5.68,0.05
339.1475,-31.663889,8601,HR8601,5.82,1.09
339.245,-40.591111,8602,   Sig2Gru,5.86,0.06
338.967917,39.634167,8603,  8    Lac,5.73,-0.15
339.439167,-4.228056,8610, 63Kap Aqr,5.03,1.14
339.343333,51.545278,8613,  9    Lac,4.63,0.24
338.942083,73.643056,8615, 31    Cep,5.08,0.39
339.714583,-33.081389,8616,HR8616,5.66,0.05
339.719167,19.522222,8618, 40    Peg,5.82,0.92
340.20375,-57.422222,8620,HR8620,5.97,1.46
339.657917,56.795833,8621,HR8621,5.21,1.58
339.815417,39.050278,8622, 10    Lac,4.88,-0.2
340.092917,-30.658889,8623,HR8623,5.87,1.3
339.304167,75.371667,8625,HR8625,5.79,1.57
339.6625,63.584444,8627, 30    Cep,5.19,0.06
340.164167,-27.043611,8628, 18Eps PsA,4.17,-0.11
341.51375,-81.381667,8630,   Bet Oct,4.15,0.2
340.219583,14.549444,8631,HR8631,5.71,0.72
340.12875,44.276389,8632, 11    Lac,4.46,1.33
340.076667,53.846111,8633,HR8633,5.93,0.93
340.365417,10.831389,8634, 42Zet Peg,3.4,-0.09
340.65375,-47.210556,8635,HR8635,5.98,0.58
340.667083,-46.884722,8636,   Bet Gru,2.1,1.6
340.369167,40.225556,8640, 12    Lac,5.25,-0.14
340.439167,29.3075,8641, 43Omi Peg,4.79,-0.01
340.489167,14.516389,8642,HR8642,5.9,1.11
340.400417,41.549444,8643,HR8643,5.94,
340.875,-41.414444,8644,   Rho Gru,4.85,1.03
340.897083,-18.830278,8649, 66    Aqr,4.69,1.37
340.750417,30.221389,8650, 44Eta Peg,2.94,0.86
341.021667,39.465556,8654,HR8654,5.95,1.48
341.407917,-53.500278,8655,   Eta Gru,4.85,1.18
341.022917,41.819167,8656, 13    Lac,5.08,0.96
341.419583,-46.5475,8657,HR8657,5.51,1.32
342.595417,-80.124167,8663,   Xi  Oct,5.35,-0.15
341.673333,12.172778,8665, 46Xi  Peg,4.19,0.5
341.5425,44.546111,8666,HR8666,5.76,0.36
341.632917,23.565556,8667, 47Lam Peg,3.95,1.07
341.887917,-19.613333,8670, 68    Aqr,5.26,0.94
341.928333,-14.056389,8673, 69Tau1Aqr,5.66,-0.05
342.13875,-51.316944,8675,   Eps Gru,3.49,0.08
342.045417,37.416667,8678,HR8678,5.9,1.03
342.397917,-13.5925,8679, 71Tau2Aqr,4.01,1.57
342.500833,24.601667,8684, 48Mu  Peg,3.48,0.93
342.759167,-39.156944,8685,HR8685,5.42,1.43
342.4425,55.902778,8688,HR8688,5.43,1.17
342.590833,41.953611,8690, 14    Lac,5.92,0.08
342.837083,-29.536111,8693, 21    PsA,5.97,0.91
342.42,66.200556,8694, 32Iot Cep,3.52,1.05
343.131667,-32.875556,8695, 22Gam PsA,4.46,-0.04
342.845,61.696944,8696,HR8696,5.6,0.78
343.100417,9.835556,8697, 49Sig Peg,5.16,0.48
343.15375,-7.579722,8698, 73Lam Aqr,3.74,1.64
343.008333,43.3125,8699, 15    Lac,4.94,1.56
341.870833,83.153889,8702,HR8702,4.74,1.26
343.259583,16.841111,8703,HR8703,5.64,1.12
343.369583,-11.616667,8704, 74    Aqr,5.8,-0.08
343.417083,44.749167,8708,HR8708,5.81,0.26
343.6625,-15.820833,8709, 76Del Aqr,3.27,0.05
343.689583,-16.271944,8711, 77    Aqr,5.56,1.14
343.529167,40.376944,8712,HR8712,5.81,1.13
343.795833,-4.987778,8716,HR8716,5.72,0.88
343.807083,8.815833,8717, 50Rho Peg,4.9,0.0
343.760833,37.076944,8718,HR8718,5.91,0.42
343.987083,-32.539722,8720, 23Del PsA,4.21,0.97
344.199167,-47.969167,8722,   Tau3Gru,5.7,0.22
343.935417,36.351667,8723,HR8723,5.74,-0.05
344.098333,41.603889,8725, 16    Lac,5.59,-0.14
344.108333,49.733611,8726,HR8726,4.95,1.78
344.412917,-29.622222,8728, 24Alp PsA,1.16,0.09
344.36625,20.768889,8729, 51    Peg,5.49,0.67
344.26875,48.684167,8731,HR8731,5.43,-0.09
342.759167,85.373611,8736,HR8736,5.9,1.32
344.799167,11.728889,8739, 52    Peg,5.75,0.32
344.899167,-29.462222,8740,HR8740,5.51,0.25
344.864167,0.962778,8742,  2    Psc,5.43,0.98
345.024167,-25.164167,8743,HR8743,5.65,1.25
345.22,-52.754167,8747,   Zet Gru,4.12,0.98
343.603333,84.346111,8748,HR8748,4.71,1.43
345.28125,-50.95,8749,HR8749,5.68,1.42
345.17875,3.011667,8751,HR8751,5.83,1.34
345.02125,56.945278,8752,HR8752,5.0,1.42
345.330833,-28.853611,8754,HR8754,5.55,1.35
345.382083,-4.711389,8759,HR8759,5.94,1.0
345.480417,42.326111,8762,  1Omi And,3.62,-0.09
345.684583,-20.870556,8764,HR8764,5.97,0.94
345.65125,42.757778,8766,  2    And,5.1,0.09
345.874167,-34.749444,8767,   Pi  PsA,5.11,0.29
346.2175,-68.820278,8769,HR8769,5.52,0.36
345.997917,-41.478333,8771,HR8771,5.79,1.08
345.969167,3.82,8773,  4Bet Psc,4.53,-0.12
346.165,-53.965,8774,   Kap Gru,5.37,1.45
345.94375,28.082778,8775, 53Bet Peg,2.42,1.67
345.887083,67.209167,8779,HR8779,5.24,1.26
346.045833,50.052222,8780,  3    And,4.65,1.06
346.190417,15.205278,8781, 54Alp Peg,2.49,-0.04
346.290833,-7.693611,8782, 83    Aqr,5.43,0.3
346.72,-43.520556,8787,   The Gru,4.28,0.42
346.670417,-23.743056,8789, 86    Aqr,4.47,0.9
346.723333,-38.892222,8790,   Ups Gru,5.61,0.01
346.81125,-50.686389,8793,HR8793,5.83,0.48
346.75125,9.409444,8795, 55    Peg,4.52,1.57
346.778333,25.468333,8796, 56    Peg,4.76,1.34
346.65375,59.419722,8797,  1    Cas,4.85,-0.03
346.869583,21.134167,8799,HR8799,5.99,0.26
347.0875,-28.823333,8802,HR8802,5.6,0.88
346.91375,46.387222,8804,  4    And,5.33,1.41
346.939167,49.295833,8805,  5    And,5.7,0.44
347.170417,2.127778,8807,  5    Psc,5.4,0.91
347.361667,-21.1725,8812, 88    Aqr,3.66,1.22
347.435833,-28.088611,8813,HR8813,5.87,1.31
347.48875,-42.860556,8814,HR8814,5.81,0.48
347.38125,8.677222,8815, 57    Peg,5.12,1.47
347.478333,-22.4575,8817, 89    Aqr,4.69,0.65
347.540833,-40.591667,8818,HR8818,5.83,1.62
346.974583,75.3875,8819, 33Pi  Cep,4.41,0.8
347.59,-45.246667,8820,   Iot Gru,3.9,1.02
347.50625,9.821944,8821, 58    Peg,5.39,-0.08
347.43375,59.333056,8822,  2    Cas,5.7,0.33
347.6775,17.594444,8824,HR8824,5.71,1.34
347.613333,43.544167,8825,  6    And,5.94,0.44
347.934167,8.72,8826, 59    Peg,5.16,0.13
348.1375,49.406389,8830,  7    And,4.52,0.29
348.320833,57.168333,8832,HR8832,5.56,1.01
348.360417,11.065,8833,HR8833,5.82,1.01
348.580833,-6.048889,8834, 90Phi Aqr,4.22,1.56
348.744167,-41.105556,8835,HR8835,5.77,1.18
348.892917,-3.496389,8840,HR8840,5.55,0.06
348.972917,-9.087778,8841, 91Psi1Aqr,4.21,1.11
349.240417,-62.001111,8843,HR8843,5.66,0.51
348.655417,74.231111,8844,HR8844,5.84,
349.165417,-44.489167,8846,HR8846,5.92,1.06
349.3575,-58.235833,8848,   Gam Tuc,3.99,0.4
349.212083,-7.726667,8850, 92Chi Aqr,5.06,1.6
348.9075,70.888056,8851,HR8851,5.56,0.24
349.29125,3.282222,8852,  6Gam Psc,3.69,0.92
349.17625,53.213611,8853,HR8853,5.54,0.52
349.475833,-9.1825,8858, 93Psi2Aqr,4.39,-0.15
349.54125,-40.824444,8859,   Phi Gru,5.53,0.44
349.43625,49.015278,8860,  8    And,4.85,1.67
352.015417,-87.482222,8862,   Tau Oct,5.49,1.27
349.705833,-32.531944,8863,   Gam Scl,4.41,1.13
349.740417,-9.610833,8865, 95Psi3Aqr,4.98,-0.02
349.777917,-13.458889,8866, 94    Aqr,5.08,0.8
349.85,-5.124444,8868, 96    Aqr,5.55,0.39
349.850417,-18.075278,8869,HR8869,5.93,1.52
349.65625,68.111667,8872, 34Omi Cep,4.75,0.84
349.874167,48.625278,8874, 11    And,5.44,1.03
349.968333,42.078056,8876, 10    And,5.79,1.48
350.085833,5.381389,8878,  7    Psc,5.05,1.2
350.159167,23.740278,8880, 62Tau Peg,4.6,0.17
350.206667,30.415,8882, 63    Peg,5.59,1.5
350.314583,-26.986667,8883,HR8883,5.64,0.82
350.222083,38.182222,8885, 12    And,5.77,0.46
350.47875,31.8125,8887, 64    Peg,5.32,-0.11
350.663333,-15.039167,8890, 97    Aqr,5.2,0.2
350.7425,-20.100556,8892, 98    Aqr,3.97,1.1
350.769167,12.313889,8893, 66    Peg,5.08,1.31
350.635417,60.133611,8894,HR8894,5.56,1.68
351.054583,-51.891389,8898,HR8898,5.75,1.59
351.330833,-56.849167,8901,HR8901,5.59,1.07
351.211667,32.385,8903, 67    Peg,5.57,-0.11
351.209583,62.282778,8904,  4    Cas,4.98,1.68
351.345,23.404167,8905, 68Ups Peg,4.4,0.61
351.511667,-20.641944,8906, 99    Aqr,4.39,1.47
351.6525,-52.721667,8907,   Omi Gru,5.52,0.4
351.8125,-58.476111,8909,HR8909,5.63,0.98
351.733333,1.255556,8911,  8Kap Psc,4.94,0.03
351.780833,42.911944,8913, 13    And,5.75,0.0
351.918333,25.167222,8915, 69    Peg,5.98,-0.06
351.992083,6.378889,8916, 10The Psc,4.28,1.07
351.819167,70.359722,8918,HR8918,5.6,0.19
352.254167,-63.110833,8919,HR8919,5.68,-0.17
352.28875,12.760556,8923, 70    Peg,4.55,0.94
352.508333,58.548889,8926,HR8926,4.91,-0.12
352.8225,39.236389,8930, 14    And,5.22,1.02
353.33125,-77.385278,8935,HR8935,5.81,0.68
353.242917,-37.818333,8937,   Bet Scl,4.37,-0.09
351.753333,87.3075,8938,HR8938,5.58,0.23
353.319167,-20.914444,8939,101    Aqr,4.71,0.02
353.367083,22.498889,8940, 71    Peg,5.32,1.6
353.488333,31.325278,8943, 72    Peg,4.98,1.38
353.5375,-1.2475,8944, 14    Psc,5.87,0.3
353.705833,-15.245833,8946,HR8946,5.96,1.36
353.65625,40.236389,8947, 15    And,5.59,0.1
353.659167,33.497222,8948, 73    Peg,5.63,1.03
353.769167,-42.615,8949,   Iot Phe,4.71,0.08
353.745833,71.642222,8952,HR8952,5.84,1.8
354.097083,2.102222,8954, 16    Psc,5.68,0.44
354.600417,-76.87,8957,HR8957,6.0,0.9
354.415,-13.060278,8958,HR8958,5.65,1.03
354.4625,-45.4925,8959,HR8959,4.74,0.08
354.39125,46.458056,8961, 16Lam And,3.82,1.01
354.383333,44.429167,8962,HR8962,5.8,-0.06
354.486667,18.400556,8963, 75    Peg,5.53,0.0
354.534167,43.268056,8965, 17Iot And,4.29,-0.1
354.784583,50.471667,8967, 18    And,5.3,-0.06
354.94625,-14.221667,8968,102Ome1Aqr,5.0,0.24
354.9875,5.626389,8969, 17Iot Psc,4.13,0.51
354.979583,9.677222,8970,HR8970,5.97,0.2
354.793333,75.292778,8971,HR8971,5.95,0.13
354.837917,74.002778,8972,HR8972,5.98,0.89
354.836667,77.6325,8974, 35Gam Cep,3.21,1.03
355.159167,-32.073056,8975,   Mu  Scl,5.31,0.97
355.102083,44.333889,8976, 19Kap And,4.14,-0.08
355.287083,-11.680556,8979,HR8979,5.89,1.0
355.39375,-18.027222,8980,103    Aqr,5.34,1.57
355.440833,-17.816389,8982,104    Aqr,4.82,0.82
355.48625,7.250556,8983,HR8983,5.89,0.1
355.511667,1.78,8984, 18Lam Psc,4.5,0.2
355.61625,-15.447778,8987,HR8987,5.28,1.37
355.680417,-14.545,8988,105Ome2Aqr,4.49,-0.04
355.843333,10.331389,8991, 77    Peg,5.06,1.68
356.169583,-78.791389,8995,HR8995,5.75,1.11
356.05,-64.404444,8996,HR8996,5.72,1.4
355.997917,29.361667,8997, 78    Peg,4.93,0.95
356.050417,-18.276944,8998,106    Aqr,5.24,-0.08
356.50375,-18.678056,9002,107    Aqr,5.29,0.28
356.50875,46.420278,9003, 20Psi And,4.95,1.11
356.597917,3.486667,9004, 19    Psc,5.04,2.6
356.652917,66.782222,9005,HR9005,5.95,-0.04
356.816667,-50.226667,9006,   Sig Phe,5.18,-0.19
356.764583,58.651944,9008,  5Tau Cas,4.87,1.11
356.81625,-11.910833,9009,HR9009,5.73,1.08
356.757917,57.451389,9010,HR9010,5.51,1.65
356.985417,-2.761667,9012, 20    Psc,5.49,0.94
356.978333,67.806944,9013,HR9013,5.04,-0.01
357.231667,-28.130278,9016,   Del Scl,4.57,0.01
357.209167,62.214444,9018,  6    Cas,5.43,0.67
357.364583,1.076111,9022, 21    Psc,5.77,0.16
357.420833,36.425278,9024,HR9024,5.9,0.79
357.414167,28.8425,9025, 79    Peg,5.97,0.19
357.56125,-9.974167,9027,HR9027,5.94,1.13
357.63875,-14.401944,9029,HR9029,5.72,1.51
357.838333,9.313333,9030, 80    Peg,5.79,1.66
357.83875,-18.908889,9031,108    Aqr,5.18,-0.14
358.026667,-82.018889,9032,   Gam1Oct,5.11,0.92
357.99125,2.930278,9033, 22    Psc,5.55,1.53
358.122083,19.120278,9036, 81Phi Peg,5.08,1.6
358.125,-14.251111,9037,HR9037,5.87,1.28
358.154583,10.9475,9039, 82    Peg,5.3,0.18
358.210417,-8.996667,9040,HR9040,5.75,1.17
358.231667,-3.155556,9041, 24    Psc,5.93,1.07
358.595833,57.499444,9045,  7Rho Cas,4.54,1.22
358.694167,0.109167,9047,HR9047,5.61,1.59
358.890417,57.412222,9052,HR9052,6.0,0.21
358.89,47.355833,9053,HR9053,6.0,1.16
359.265,42.658333,9057,HR9057,5.97,0.69
359.285417,55.705833,9059,HR9059,5.55,0.49
359.332917,-62.956389,9060,HR9060,5.97,0.11
359.38625,-82.17,9061,   Gam2Oct,5.73,1.05
359.396667,-64.298333,9062,   Eta Tuc,5.0,0.06
359.439583,25.141389,9064, 84Psi Peg,4.66,1.59
359.603333,51.388611,9066,HR9066,4.8,1.83
359.668333,-3.556111,9067, 27    Psc,4.86,0.93
359.7325,-52.745833,9069,   Pi  Phe,5.13,1.13
359.752083,55.755,9071,  8Sig Cas,4.88,-0.07
359.827917,6.863333,9072, 28Ome Psc,4.01,0.42
359.86625,-29.485,9073,HR9073,5.62,1.6
359.979167,-65.577222,9076,   Eps Tuc,4.5,-0.08
0.26875,-48.81,9081,   Tau Phe,5.71,0.91
0.333333,-50.337222,9082,HR9082,5.53,1.6
0.39875,-77.065833,9084,   The Oct,4.78,1.27
0.40375,61.223056,9085,HR9085,5.55,0.41
0.455833,-3.0275,9087, 29    Psc,5.1,-0.12
0.5425,27.081944,9088, 85    Peg,5.75,0.67
0.49,-6.014167,9089, 30    Psc,4.41,1.63
0.582917,-29.720278,9091,   Zet Scl,5.01,-0.15
0.62375,8.485556,9093, 32    Psc,5.63,0.29
0.650417,66.098889,9094,HR9094,5.86,1.09
0.935,-17.336111,9098,  2    Cet,4.55,-0.05
1.056667,62.287778,9100,  9    Cas,5.88,0.3
1.082083,-16.528889,9101,HR9101,5.78,1.1
1.125417,-10.509444,9103,  3    Cet,4.94,1.63
1.175,67.166667,9104,HR9104,5.67,1.07
1.172083,-71.436944,9108,HR9108,5.59,-0.12
1.275833,61.314167,9110,HR9110,5.8,-0.09
